/*
SQLyog Ultimate v12.08 (32 bit)
MySQL - 5.5.53 : Database - fission
*********************************************************************
*/

/*!40101 SET NAMES utf8 */;

/*!40101 SET SQL_MODE=''*/;

/*!40014 SET @OLD_UNIQUE_CHECKS=@@UNIQUE_CHECKS, UNIQUE_CHECKS=0 */;
/*!40014 SET @OLD_FOREIGN_KEY_CHECKS=@@FOREIGN_KEY_CHECKS, FOREIGN_KEY_CHECKS=0 */;
/*!40101 SET @OLD_SQL_MODE=@@SQL_MODE, SQL_MODE='NO_AUTO_VALUE_ON_ZERO' */;
/*!40111 SET @OLD_SQL_NOTES=@@SQL_NOTES, SQL_NOTES=0 */;
CREATE DATABASE /*!32312 IF NOT EXISTS*/`fission` /*!40100 DEFAULT CHARACTER SET utf8 */;

USE `fission`;

/*Table structure for table `zl_admin` */

DROP TABLE IF EXISTS `zl_admin`;

CREATE TABLE `zl_admin` (
  `id` int(11) NOT NULL AUTO_INCREMENT,
  `name` varchar(255) NOT NULL,
  `username` varchar(100) NOT NULL,
  `password` varchar(255) NOT NULL,
  `group` int(11) DEFAULT NULL,
  `mobile` varchar(20) CHARACTER SET utf8 NOT NULL,
  `email` varchar(255) CHARACTER SET utf8 NOT NULL,
  `wx_headimgurl` varchar(150) DEFAULT NULL COMMENT '微信头像',
  `login_time` timestamp NULL DEFAULT NULL COMMENT '登录时间',
  `login_ip` varchar(50) DEFAULT NULL,
  `status` tinyint(1) NOT NULL DEFAULT '1',
  `create_time` timestamp NULL DEFAULT NULL,
  `update_time` timestamp NULL DEFAULT NULL ON UPDATE CURRENT_TIMESTAMP,
  PRIMARY KEY (`id`),
  KEY `username` (`username`) USING BTREE
) ENGINE=InnoDB AUTO_INCREMENT=3 DEFAULT CHARSET=utf8mb4;

/*Data for the table `zl_admin` */

insert  into `zl_admin`(`id`,`name`,`username`,`password`,`group`,`mobile`,`email`,`wx_headimgurl`,`login_time`,`login_ip`,`status`,`create_time`,`update_time`) values (1,'余文波','admin','AC1Vf1czU2RUNFBqBzVVZ1syWzNQblNwWnY=',1,'13682437256','869867329@qq.com',NULL,'2018-11-08 20:35:00','127.0.0.1',1,'2017-10-25 15:23:14','2018-11-08 20:35:05'),(2,'王瑞','wangrui','A2dWPV46BjQBYgA9',2,'','',NULL,'2018-11-08 19:56:00','127.0.0.1',1,'2018-11-08 19:55:56','2018-11-08 19:56:15');

/*Table structure for table `zl_admin_group` */

DROP TABLE IF EXISTS `zl_admin_group`;

CREATE TABLE `zl_admin_group` (
  `id` mediumint(8) unsigned NOT NULL AUTO_INCREMENT,
  `name` char(100) NOT NULL DEFAULT '',
  `status` tinyint(1) NOT NULL DEFAULT '1',
  `rules` varchar(255) NOT NULL DEFAULT '',
  `create_time` timestamp NULL DEFAULT NULL,
  `update_time` timestamp NULL DEFAULT NULL,
  PRIMARY KEY (`id`),
  UNIQUE KEY `name` (`name`) USING BTREE
) ENGINE=InnoDB AUTO_INCREMENT=3 DEFAULT CHARSET=utf8;

/*Data for the table `zl_admin_group` */

insert  into `zl_admin_group`(`id`,`name`,`status`,`rules`,`create_time`,`update_time`) values (1,'超级管理员',1,'0,0_0,0_1,0_2,0_3,0_4,1,1_0,1_1,1_2,1_3,1_4,1_5','2017-02-12 13:22:56','2018-11-08 19:55:09'),(2,'管理员',1,'0,0_0,0_1,0_2,0_3,0_4,1,1_0','2017-02-12 14:55:31','2018-11-08 19:55:25');

/*Table structure for table `zl_admin_log` */

DROP TABLE IF EXISTS `zl_admin_log`;

CREATE TABLE `zl_admin_log` (
  `id` int(11) NOT NULL AUTO_INCREMENT,
  `username` varchar(100) NOT NULL,
  `password` varchar(255) NOT NULL,
  `login_time` timestamp NULL DEFAULT NULL COMMENT '登录时间',
  `login_ip` varchar(50) DEFAULT NULL,
  `create_time` timestamp NULL DEFAULT NULL,
  `update_time` timestamp NULL DEFAULT NULL,
  PRIMARY KEY (`id`),
  KEY `username` (`username`) USING BTREE
) ENGINE=InnoDB DEFAULT CHARSET=utf8mb4;

/*Data for the table `zl_admin_log` */

/*Table structure for table `zl_log` */

DROP TABLE IF EXISTS `zl_log`;

CREATE TABLE `zl_log` (
  `id` int(11) NOT NULL AUTO_INCREMENT,
  `username` varchar(100) NOT NULL,
  `content` varchar(255) NOT NULL DEFAULT '' COMMENT '操作内容',
  `time` int(11) DEFAULT NULL COMMENT '日志时间',
  `ip` varchar(20) DEFAULT NULL,
  `area` varchar(20) DEFAULT NULL,
  `device` char(50) DEFAULT NULL COMMENT '设备',
  PRIMARY KEY (`id`),
  KEY `username` (`username`) USING BTREE
) ENGINE=InnoDB AUTO_INCREMENT=16 DEFAULT CHARSET=utf8mb4;

/*Data for the table `zl_log` */

insert  into `zl_log`(`id`,`username`,`content`,`time`,`ip`,`area`,`device`) values (1,'刘启志','用户【刘启志】(adminpxz)登录系统！',1541594456,'127.0.0.1','','Windows 10.0 Chrome/68.'),(2,'刘启志','用户【刘启志】(adminpxz)登录系统！',1541595407,'127.0.0.1','','Windows 10.0 Chrome/68.');

/*Table structure for table `zl_loginmode` */

DROP TABLE IF EXISTS `zl_loginmode`;

CREATE TABLE `zl_loginmode` (
  `id` int(11) NOT NULL AUTO_INCREMENT,
  `loginmode` tinyint(1) DEFAULT NULL COMMENT '登入模式，1表示账号密码登入，2表示扫码登入，3表示两者都可以',
  PRIMARY KEY (`id`)
) ENGINE=MyISAM AUTO_INCREMENT=2 DEFAULT CHARSET=utf8;

/*Data for the table `zl_loginmode` */

insert  into `zl_loginmode`(`id`,`loginmode`) values (1,1);

/*Table structure for table `zl_qun` */

DROP TABLE IF EXISTS `zl_qun`;

CREATE TABLE `zl_qun` (
  `id` int(11) NOT NULL AUTO_INCREMENT,
  `name` varchar(100) NOT NULL COMMENT '群名称',
  `key` varchar(50) NOT NULL COMMENT '标识符',
  `maxopen` int(11) NOT NULL DEFAULT '0' COMMENT '打开多少次切换',
  `maxtouch` int(11) NOT NULL DEFAULT '120' COMMENT '长按多少次切换',
  `maxnum` int(9) DEFAULT '3' COMMENT '显示次数',
  `default_img` varchar(255) DEFAULT NULL,
  `bg_img` varchar(255) DEFAULT NULL,
  `now_ewm_id` int(11) NOT NULL,
  `rukou` varchar(255) NOT NULL DEFAULT '0' COMMENT '入口',
  `controller` varchar(20) DEFAULT '0' COMMENT '控制器',
  `tongji1` varchar(255) DEFAULT NULL,
  `tongji2` varchar(255) DEFAULT NULL,
  `black_area` varchar(255) DEFAULT NULL,
  `black_ip` varchar(255) DEFAULT NULL,
  `black_name` varchar(255) DEFAULT NULL,
  `get_user` tinyint(1) NOT NULL DEFAULT '0' COMMENT '是否获取用户信息',
  `create_time` timestamp NULL DEFAULT NULL,
  `update_time` timestamp NULL DEFAULT NULL ON UPDATE CURRENT_TIMESTAMP,
  `is_ip` char(32) NOT NULL,
  `internet_name` varchar(200) DEFAULT NULL,
  PRIMARY KEY (`id`),
  UNIQUE KEY `name` (`name`) USING BTREE,
  UNIQUE KEY `key` (`key`) USING BTREE
) ENGINE=InnoDB AUTO_INCREMENT=28 DEFAULT CHARSET=utf8;

/*Data for the table `zl_qun` */

insert  into `zl_qun`(`id`,`name`,`key`,`maxopen`,`maxtouch`,`maxnum`,`default_img`,`bg_img`,`now_ewm_id`,`rukou`,`controller`,`tongji1`,`tongji2`,`black_area`,`black_ip`,`black_name`,`get_user`,`create_time`,`update_time`,`is_ip`,`internet_name`) values (1,'302朗读者','302langduzhe',100,95,5,'/qgl/302langduzhe/gzh.jpg','/qgl/302langduzhe/langdu.png',2067,'0','index','','','','','',0,'2018-04-19 15:05:18','2018-11-08 20:38:41','0',NULL),(4,'C组------凯叔讲故事---断','kaishujianggushi',999999,999999,5,'/qgl/kaishujianggushi/gzh3.jpg','/qgl/kaishujianggushi/bg.png',4111,'0','index','','','','','',0,'2018-04-19 20:27:14','2018-06-11 13:56:02','0',NULL),(5,'B组心理学J2-----运行中','xinlixuej2',66666,66666,5,'/qgl/xinlixuej2/xxxxgbg.jpg','/qgl/xinlixuej2/gbg.png',6666,'0','index','','','山西,镇江','','',0,'2018-04-19 22:05:15','2018-05-20 19:46:57','0',NULL),(6,'A组---瑜伽瘦身班Z','azuyujiashoushenbanz',120,100,3,'/qgl/azuyujiashoushenbanz/gzh.jpg','/qgl/azuyujiashoushenbanz/BG.png',51554,'0','index','','','','','',0,'2018-04-19 23:05:49','2018-05-08 11:04:50','0',NULL),(7,'C组----D线摄影----断','sheyingczu',77777777,777777777,3,'/qgl/sheyingczu/摄影GZH.jpg','/qgl/sheyingczu/摄影底.png',666666,'0','index','','','','','',0,'2018-04-21 13:03:14','2018-04-26 21:46:57','0',NULL),(8,'A组---瑜伽Z1---待起飞','yujiaz1',88888,88888,5,'/qgl/yujiaz1/gzh.jpg','/qgl/yujiaz1/BG.png',1,'0','index','','','河南','','',0,'2018-04-21 21:39:44','2018-11-08 20:34:38','0',NULL),(9,'C组----插花B线','chuahuabxian',777777,777777,5,'/qgl/chuahuabxian/插花gzh.jpg','/qgl/chuahuabxian/bg .png',33333,'0','index','','','','','',0,'2018-04-23 14:57:31','2018-11-08 20:34:55','0',NULL),(10,'A组--瘦身瑜伽V','yujiav',100,100,5,'/qgl/yujiav/ggzzhh.png','/qgl/yujiav/BG.png',301,'0','index','','','','','',0,'2018-04-24 19:34:42','2018-11-08 20:32:33','0',NULL),(11,'B组---烘焙速度班F','hongbeif',120,120,15,'/qgl/hongbeif/gzh.jpg','/qgl/hongbeif/HB.png',5556,'0','index','','','','','',0,'2018-04-25 14:44:00','2018-11-08 20:32:07','0',NULL),(12,'A组——V瑜伽—— 断','vyujia',88888,88888,6,'/qgl/vyujia/gzh.jpg','/qgl/vyujia/BG.png',88666,'0','index','','','长沙','','',0,'2018-04-26 18:53:38','2018-11-08 20:34:33','0',NULL),(13,'A组——瑜伽Z2——待启动','yujiaz2',88888,88888,5,'/qgl/yujiaz2/gzh.jpg','/qgl/yujiaz2/BG.png',99669,'0','index','','','','','',0,'2018-04-26 22:11:29','2018-06-12 01:47:42','0',NULL),(14,'B组-F2烘焙--待运行','bzuf2hongbei',100000,10000,5,'/qgl/bzuf2hongbei/fBGgzh.jpg','/qgl/bzuf2hongbei/fBG.png',585858,'0','index','','','','','',0,'2018-04-27 14:02:16','2018-06-03 14:06:25','0',NULL),(15,'D组---时尚美甲班 --断','d----shishangmeijiaban',11111,11111,3,'/qgl/d----shishangmeijiaban/内页123456.jpg','/qgl/d----shishangmeijiaban/内页.png',55555,'0','index','','','山西,河南','','',0,'2018-04-28 14:25:10','2018-05-28 14:37:54','0',NULL),(16,'A组——瑜伽Z——一波','yujiaz',88888,88888,10,'/qgl/yujiaz/88666.jpg','/qgl/yujiaz/BG.png',55555,'0','index','','','','','',0,'2018-04-28 16:30:39','2018-06-12 08:25:26','0',NULL),(17,'---删掉','chahuab1',120,100,3,NULL,NULL,301,'0','index','','','','','',0,'2018-04-30 13:46:18','2018-11-08 20:34:24','0',NULL),(18,'A组----数学班B线---待运行','shuxue',120,100,3,'/qgl/shuxue/gzh.jpg','/qgl/shuxue/BG.png',301,'0','index','','','','','',0,'2018-04-30 15:17:31','2018-05-12 16:04:26','0',NULL),(19,'D组---摄影E---断','sheyinge',88888,88888,3,'/qgl/sheyinge/sheyin.jpg','/qgl/sheyinge/摄影底.png',301111,'0','index','','','山西,临汾','','',0,'2018-05-02 14:31:45','2018-05-08 13:34:47','0',NULL),(20,'烘焙速成班S--启动','hongbeim',120,100,15,'/qgl/hongbeim/hbgzh.png','/qgl/hongbeim/Hbg.png',415,'0','index','','','','','',0,'2018-05-03 07:36:34','2018-06-02 13:47:39','0',NULL),(21,'G红楼梦---------待启动','hongloumeng',120,100,15,'/qgl/hongloumeng/hlmgzh1.jpg','/qgl/hongloumeng/hlmdt2.png',301,'0','index','','','','','',0,'2018-05-03 13:49:08','2018-11-08 20:30:38','0',NULL),(22,'E1摄影--------运行中','d----sheyinge1',110,105,5,'/qgl/d----sheyinge1/摄影底.jpg','/qgl/d----sheyinge1/摄影底.png',340,'0','index','','','','','',0,'2018-05-03 15:20:08','2018-11-08 20:30:19','0',NULL),(23,'V摄影---------运行中','chenmangongzuoshi',120,115,6,'/qgl/chenmangongzuoshi/sheyin.jpg','/qgl/chenmangongzuoshi/dt.png',323,'0','index','','','','','',0,'2018-05-03 22:32:22','2018-11-08 20:39:05','0',NULL),(24,'插花速成班I---运行中','chahuai',120,100,5,'/qgl/chahuai/插花gzh.jpg','/qgl/chahuai/bg .png',360,'0','index','','','','','',0,'2018-05-06 14:36:14','2018-11-08 20:30:12','0',NULL),(25,'瑜伽T------待运行','yujiagaosu',120,100,3,'/qgl/yujiagaosu/88666111.jpg','/qgl/yujiagaosu/b2f.png',316,'0','index','','','山西','','',0,'2018-05-07 10:49:56','2018-06-12 09:39:28','0',NULL),(26,'插花速成班I1---断','chahuai1',555,555,3,'/qgl/chahuai1/I-gzh.jpg','/qgl/chahuai1/bg .png',5555,'0','index','','','山西','','',0,'2018-05-08 13:39:00','2018-11-08 19:48:03','0',NULL),(27,'302朗读者302','302langduzhe302',120,100,3,'/qgl/302langduzhe302/gzh.jpg','/qgl/302langduzhe302/langdu.png',1001,'0','index','','','','','',0,'2018-06-11 17:40:38','2018-11-08 19:58:26','0',NULL);

/*Table structure for table `zl_qun_black` */

DROP TABLE IF EXISTS `zl_qun_black`;

CREATE TABLE `zl_qun_black` (
  `id` int(11) NOT NULL AUTO_INCREMENT,
  `openid` varchar(30) NOT NULL,
  `ip` varchar(20) DEFAULT NULL,
  `create_time` timestamp NULL DEFAULT NULL,
  `update_time` timestamp NULL DEFAULT NULL ON UPDATE CURRENT_TIMESTAMP,
  PRIMARY KEY (`id`),
  UNIQUE KEY `openid` (`openid`) USING BTREE
) ENGINE=InnoDB AUTO_INCREMENT=2326 DEFAULT CHARSET=utf8mb4;

/*Data for the table `zl_qun_black` */

insert  into `zl_qun_black`(`id`,`openid`,`ip`,`create_time`,`update_time`) values (2,'ohP7Pt32ve_aVX45U8zXsn6YIZsA','122.4.30.27','2018-04-19 21:56:20','2018-04-19 21:56:20'),(3,'ohP7Pt6-lVySfqa6FdXuB2gyEsEs','36.149.9.118','2018-04-19 22:14:28','2018-04-19 22:14:28'),(4,'ohP7Pt-fAiS6FyfrXH2cnA7aACuo','120.6.238.238','2018-04-19 22:14:34','2018-04-19 22:14:34'),(5,'ohP7Pt0sLIcHLCqWx6Ajdk1oPRjM','60.27.137.52','2018-04-19 22:14:38','2018-04-19 22:14:38'),(6,'ohP7PtwuoRM4kY9Q43KcHpUZt2gQ','119.39.248.7','2018-04-19 22:15:21','2018-04-19 22:15:21'),(7,'ohP7Pt9uGV_HAjUHbmshgzoawyYU','220.195.65.84','2018-04-19 22:20:54','2018-04-19 22:20:54'),(8,'ohP7Pt8cPIFYm-c4_hlPX5mkBxIg','122.96.41.59','2018-04-20 08:40:41','2018-04-20 08:40:41'),(9,'ohP7Pt24KDEzGMC1mdfDpaunNGHQ','223.104.30.96','2018-04-20 08:41:11','2018-04-20 08:41:11'),(10,'ohP7Pt44FDJoC_q78bpslsBfVtPg','110.153.220.201','2018-04-20 08:41:21','2018-04-20 08:41:21');

/*Table structure for table `zl_qun_blackip` */

DROP TABLE IF EXISTS `zl_qun_blackip`;

CREATE TABLE `zl_qun_blackip` (
  `id` int(11) NOT NULL AUTO_INCREMENT,
  `ip` varchar(20) NOT NULL,
  `create_time` timestamp NULL DEFAULT NULL,
  `update_time` timestamp NULL DEFAULT NULL ON UPDATE CURRENT_TIMESTAMP,
  PRIMARY KEY (`id`),
  UNIQUE KEY `ip` (`ip`) USING BTREE
) ENGINE=InnoDB AUTO_INCREMENT=1766 DEFAULT CHARSET=utf8mb4;

/*Data for the table `zl_qun_blackip` */

insert  into `zl_qun_blackip`(`id`,`ip`,`create_time`,`update_time`) values (1,'122.4.30.27','2018-04-19 21:56:22','2018-04-19 21:56:22'),(3,'122.96.41.59','2018-04-20 08:40:42','2018-04-20 08:40:42'),(4,'223.104.30.96','2018-04-20 08:41:13','2018-04-20 08:41:13'),(5,'110.153.220.201','2018-04-20 08:41:22','2018-04-20 08:41:22'),(6,'45.115.217.209','2018-04-20 09:16:14','2018-04-20 09:16:14'),(7,'45.115.217.213','2018-04-20 09:16:30','2018-04-20 09:16:30'),(8,'223.104.63.172','2018-04-20 09:16:44','2018-04-20 09:16:44'),(9,'49.89.37.126','2018-04-20 09:44:21','2018-04-20 09:44:21'),(11,'106.9.163.232','2018-04-20 09:45:33','2018-04-20 09:45:33'),(12,'112.103.97.31','2018-04-20 10:33:53','2018-04-20 10:33:53'),(14,'119.187.75.59','2018-04-20 14:41:39','2018-04-20 14:41:39'),(15,'183.200.45.126','2018-04-20 15:05:46','2018-04-20 15:05:46');

/*Table structure for table `zl_qun_ewm` */

DROP TABLE IF EXISTS `zl_qun_ewm`;

CREATE TABLE `zl_qun_ewm` (
  `id` int(11) NOT NULL AUTO_INCREMENT,
  `qun_id` tinyint(4) NOT NULL COMMENT '群id',
  `ewm_id` int(11) NOT NULL,
  `start_time` int(11) NOT NULL COMMENT '开始时间',
  `end_time` int(11) NOT NULL COMMENT '结束时间',
  `opens` int(11) NOT NULL DEFAULT '0' COMMENT '打开人次',
  `touchs` int(11) NOT NULL DEFAULT '0' COMMENT '长按人次',
  `imgs` int(11) DEFAULT '0',
  `members` int(11) DEFAULT '0',
  `create_time` timestamp NULL DEFAULT NULL,
  `update_time` timestamp NULL DEFAULT NULL,
  PRIMARY KEY (`id`),
  KEY `qunid_ewm_id` (`qun_id`,`ewm_id`) USING BTREE
) ENGINE=InnoDB AUTO_INCREMENT=805 DEFAULT CHARSET=utf8;

/*Data for the table `zl_qun_ewm` */

insert  into `zl_qun_ewm`(`id`,`qun_id`,`ewm_id`,`start_time`,`end_time`,`opens`,`touchs`,`imgs`,`members`,`create_time`,`update_time`) values (1,1,1250,1524121541,0,4,4,0,0,'2018-04-19 15:05:41','2018-04-19 15:05:41'),(2,2,1250,1524137051,0,3,3,0,0,'2018-04-19 19:24:11','2018-04-19 19:24:11'),(3,4,380,1524141335,1524151589,112,100,0,0,'2018-04-19 20:35:35','2018-04-19 23:26:29'),(4,5,404,1524147647,1524229878,108,97,0,0,'2018-04-19 22:20:47','2018-04-20 21:11:18'),(5,6,1001,1524151032,0,1,1,0,0,'2018-04-19 23:17:12','2018-04-19 23:17:12'),(6,6,470,1524151565,1524206512,119,96,0,0,'2018-04-19 23:26:05','2018-04-20 14:41:52'),(7,4,381,1524151589,1524187240,113,83,0,0,'2018-04-19 23:26:29','2018-04-20 09:20:40'),(8,4,382,1524187240,1524208821,61,50,0,0,'2018-04-20 09:20:40','2018-04-20 15:20:21'),(9,6,471,1524206512,1524225827,116,99,0,0,'2018-04-20 14:41:52','2018-04-20 20:03:47'),(10,4,383,1524208821,1524215687,65,57,0,0,'2018-04-20 15:20:21','2018-04-20 17:14:47'),(11,4,384,1524215687,1524227396,63,60,0,0,'2018-04-20 17:14:47','2018-04-20 20:29:56'),(12,6,472,1524225827,1524234522,111,101,0,0,'2018-04-20 20:03:47','2018-04-20 22:28:42'),(13,4,385,1524227396,1524235667,32,28,0,0,'2018-04-20 20:29:56','2018-04-20 22:47:47'),(14,5,405,1524229878,1524251895,115,100,0,0,'2018-04-20 21:11:18','2018-04-21 03:18:15'),(15,6,473,1524234522,1524263099,117,100,0,0,'2018-04-20 22:28:42','2018-04-21 06:24:59'),(16,4,386,1524235667,1524276805,65,60,0,0,'2018-04-20 22:47:47','2018-04-21 10:13:25'),(17,4,387,1524236136,1524297041,63,53,0,0,'2018-04-20 22:55:36','2018-04-21 15:50:41'),(18,5,406,1524251895,1524272034,65,58,0,0,'2018-04-21 03:18:15','2018-04-21 08:53:54'),(19,6,474,1524263099,1524280158,113,100,0,0,'2018-04-21 06:24:59','2018-04-21 11:09:18'),(20,5,407,1524272034,1524284237,65,57,0,0,'2018-04-21 08:53:54','2018-04-21 12:17:17'),(21,6,475,1524280158,1524315685,97,90,0,0,'2018-04-21 11:09:18','2018-04-21 21:01:25'),(22,5,408,1524283466,1524297984,108,93,0,0,'2018-04-21 12:04:26','2018-04-21 16:06:24'),(23,7,301,1524287359,1524312979,33,32,0,0,'2018-04-21 13:09:19','2018-04-21 20:16:19'),(24,4,388,1524297041,1524304207,65,58,0,0,'2018-04-21 15:50:41','2018-04-21 17:50:07'),(25,5,410,1524297984,1524368109,71,67,0,0,'2018-04-21 16:06:24','2018-04-22 11:35:09'),(26,5,409,1524297987,1524349589,115,101,0,0,'2018-04-21 16:06:27','2018-04-22 06:26:29'),(27,4,389,1524304207,1524307046,15,14,0,0,'2018-04-21 17:50:07','2018-04-21 18:37:26'),(28,4,4111,1524307046,0,221,206,0,0,'2018-04-21 18:37:26','2018-04-21 18:37:26'),(29,7,302,1524312979,1524319296,100,77,0,0,'2018-04-21 20:16:19','2018-04-21 22:01:36'),(30,6,476,1524315685,1524322667,3,3,0,0,'2018-04-21 21:01:25','2018-04-21 22:57:47'),(31,8,1001,1524317997,1524317999,0,0,0,0,'2018-04-21 21:39:57','2018-04-21 21:39:59'),(32,8,1,1524317999,1541680404,4,3,0,0,'2018-04-21 21:39:59','2018-11-08 20:33:24'),(33,7,303,1524319296,1524322735,100,90,0,0,'2018-04-21 22:01:36','2018-04-21 22:58:55'),(34,6,51554,1524322667,0,11,10,0,0,'2018-04-21 22:57:47','2018-04-21 22:57:47'),(35,7,304,1524322735,1524335056,100,85,0,0,'2018-04-21 22:58:55','2018-04-22 02:24:16'),(36,8,477,1524328366,1524356390,112,100,0,0,'2018-04-22 00:32:46','2018-04-22 08:19:50'),(37,7,305,1524335056,1524353077,100,91,0,0,'2018-04-22 02:24:16','2018-04-22 07:24:37'),(38,7,306,1524353077,1524359032,100,80,0,0,'2018-04-22 07:24:37','2018-04-22 09:03:52'),(39,8,478,1524356390,1524359282,112,103,0,0,'2018-04-22 08:19:50','2018-04-22 09:08:02'),(40,7,307,1524359032,1524367108,67,56,0,0,'2018-04-22 09:03:52','2018-04-22 11:18:28'),(41,8,479,1524359282,1524363490,120,99,0,0,'2018-04-22 09:08:02','2018-04-22 10:18:10'),(42,8,480,1524363490,1524372870,118,100,0,0,'2018-04-22 10:18:10','2018-04-22 12:54:30'),(43,7,308,1524367108,1524392575,65,47,0,0,'2018-04-22 11:18:28','2018-04-22 18:22:55'),(44,5,411,1524368109,1524380635,66,57,0,0,'2018-04-22 11:35:09','2018-04-22 15:03:55'),(45,8,481,1524372870,1524385156,118,101,0,0,'2018-04-22 12:54:30','2018-04-22 16:19:16'),(46,5,412,1524379544,1524380985,65,57,0,0,'2018-04-22 14:45:44','2018-04-22 15:09:45'),(47,5,413,1524380985,1524382256,65,60,0,0,'2018-04-22 15:09:45','2018-04-22 15:30:56'),(48,5,414,1524382256,1524383316,65,56,0,0,'2018-04-22 15:30:56','2018-04-22 15:48:36'),(49,5,415,1524383316,1524384576,65,55,0,0,'2018-04-22 15:48:36','2018-04-22 16:09:36'),(50,5,416,1524384576,1524386702,100,91,0,0,'2018-04-22 16:09:36','2018-04-22 16:45:02'),(51,5,417,1524384908,1524388512,110,100,0,0,'2018-04-22 16:15:08','2018-04-22 17:15:12'),(52,5,418,1524385125,1524389110,110,102,0,0,'2018-04-22 16:18:45','2018-04-22 17:25:10'),(53,8,482,1524385157,1524397647,110,100,0,0,'2018-04-22 16:19:17','2018-04-22 19:47:27'),(54,5,419,1524389110,1524390345,110,100,0,0,'2018-04-22 17:25:10','2018-04-22 17:45:45'),(55,5,420,1524390345,1524391338,110,96,0,0,'2018-04-22 17:45:45','2018-04-22 18:02:18'),(56,5,421,1524391338,1524392444,110,93,0,0,'2018-04-22 18:02:18','2018-04-22 18:20:44'),(57,5,422,1524392444,1524393757,110,95,0,0,'2018-04-22 18:20:44','2018-04-22 18:42:37'),(58,7,309,1524392575,1524441052,65,53,0,0,'2018-04-22 18:22:55','2018-04-23 07:50:52'),(59,5,423,1524393757,1524395240,106,92,0,0,'2018-04-22 18:42:37','2018-04-22 19:07:20'),(60,5,424,1524395240,1524396619,110,100,0,0,'2018-04-22 19:07:20','2018-04-22 19:30:19'),(61,5,425,1524396619,1524398496,110,101,0,0,'2018-04-22 19:30:19','2018-04-22 20:01:36'),(62,8,483,1524397647,1524400118,120,101,0,0,'2018-04-22 19:47:27','2018-04-22 20:28:38'),(63,5,426,1524398496,1524400250,82,73,0,0,'2018-04-22 20:01:36','2018-04-22 20:30:50'),(64,8,484,1524400118,1524401184,120,101,0,0,'2018-04-22 20:28:38','2018-04-22 20:46:24'),(65,5,427,1524400250,1524402711,110,97,0,0,'2018-04-22 20:30:50','2018-04-22 21:11:51'),(66,8,485,1524401184,1524401966,120,99,0,0,'2018-04-22 20:46:24','2018-04-22 20:59:26'),(67,8,486,1524401966,1524402737,120,106,0,0,'2018-04-22 20:59:26','2018-04-22 21:12:17'),(68,5,428,1524402711,1524405424,110,99,0,0,'2018-04-22 21:11:51','2018-04-22 21:57:04'),(69,8,487,1524402737,1524403715,120,97,0,0,'2018-04-22 21:12:17','2018-04-22 21:28:35'),(70,8,488,1524403715,1524404698,120,108,0,0,'2018-04-22 21:28:35','2018-04-22 21:44:58'),(71,8,489,1524404698,1524405514,120,106,0,0,'2018-04-22 21:44:58','2018-04-22 21:58:34'),(72,5,429,1524405424,1524408090,110,103,0,0,'2018-04-22 21:57:04','2018-04-22 22:41:30'),(73,8,490,1524405514,1524406314,120,108,0,0,'2018-04-22 21:58:34','2018-04-22 22:11:54'),(74,8,491,1524406314,1524407168,120,103,0,0,'2018-04-22 22:11:54','2018-04-22 22:26:08'),(75,8,492,1524407168,1524408600,120,101,0,0,'2018-04-22 22:26:08','2018-04-22 22:50:00'),(76,5,430,1524408090,1524412021,110,98,0,0,'2018-04-22 22:41:30','2018-04-22 23:47:01'),(77,8,493,1524408600,1524409756,101,87,0,0,'2018-04-22 22:50:00','2018-04-22 23:09:16'),(78,8,494,1524409756,1524412067,120,99,0,0,'2018-04-22 23:09:16','2018-04-22 23:47:47'),(79,5,431,1524412021,1524435041,110,102,0,0,'2018-04-22 23:47:01','2018-04-23 06:10:41'),(80,8,495,1524412067,1524423617,120,107,0,0,'2018-04-22 23:47:47','2018-04-23 03:00:17'),(81,8,496,1524423617,1524434966,119,111,0,0,'2018-04-23 03:00:17','2018-04-23 06:09:26'),(82,8,497,1524434966,1524437960,120,109,0,0,'2018-04-23 06:09:26','2018-04-23 06:59:20'),(83,5,432,1524435041,1524441172,110,105,0,0,'2018-04-23 06:10:41','2018-04-23 07:52:52'),(84,8,498,1524437960,1524440068,120,104,0,0,'2018-04-23 06:59:20','2018-04-23 07:34:28'),(85,8,499,1524440068,1524442709,113,99,0,0,'2018-04-23 07:34:28','2018-04-23 08:18:29'),(86,7,310,1524441052,1524443918,65,54,0,0,'2018-04-23 07:50:52','2018-04-23 08:38:38'),(87,5,433,1524441172,1524446138,110,100,0,0,'2018-04-23 07:52:52','2018-04-23 09:15:38'),(88,8,500,1524442709,1524446862,120,110,0,0,'2018-04-23 08:18:29','2018-04-23 09:27:42'),(89,7,311,1524443918,1524445968,65,59,0,0,'2018-04-23 08:38:38','2018-04-23 09:12:48'),(90,7,312,1524445968,1524447808,65,58,0,0,'2018-04-23 09:12:48','2018-04-23 09:43:28'),(91,5,434,1524446138,1524451244,110,99,0,0,'2018-04-23 09:15:38','2018-04-23 10:40:44'),(92,8,501,1524446862,1524448735,43,37,0,0,'2018-04-23 09:27:42','2018-04-23 09:58:55'),(93,7,313,1524447808,1524449556,65,58,0,0,'2018-04-23 09:43:28','2018-04-23 10:12:36'),(94,8,502,1524448735,1524453399,78,67,0,0,'2018-04-23 09:58:55','2018-04-23 11:16:39'),(95,7,314,1524449556,1524452667,65,51,0,0,'2018-04-23 10:12:36','2018-04-23 11:04:27'),(96,5,435,1524451244,1524455650,110,97,0,0,'2018-04-23 10:40:44','2018-04-23 11:54:10'),(97,7,315,1524452667,1524456057,65,54,0,0,'2018-04-23 11:04:27','2018-04-23 12:00:57'),(98,8,503,1524453399,1524465635,90,77,0,0,'2018-04-23 11:16:39','2018-04-23 14:40:35'),(99,5,436,1524455650,1524458741,110,97,0,0,'2018-04-23 11:54:10','2018-04-23 12:45:41'),(100,7,316,1524456057,1524458478,65,54,0,0,'2018-04-23 12:00:57','2018-04-23 12:41:18'),(101,7,317,1524458478,1524461352,65,55,0,0,'2018-04-23 12:41:18','2018-04-23 13:29:12'),(102,5,437,1524458741,1524464518,110,94,0,0,'2018-04-23 12:45:41','2018-04-23 14:21:58'),(103,7,318,1524461352,1524464716,65,57,0,0,'2018-04-23 13:29:12','2018-04-23 14:25:16'),(104,5,438,1524464518,1524474911,120,104,0,0,'2018-04-23 14:21:58','2018-04-23 17:15:11'),(105,7,319,1524464716,1524468752,65,56,0,0,'2018-04-23 14:25:16','2018-04-23 15:32:32'),(106,8,504,1524465635,1524479109,120,99,0,0,'2018-04-23 14:40:35','2018-04-23 18:25:09'),(107,9,301,1524466677,1524484738,94,79,0,0,'2018-04-23 14:57:57','2018-04-23 19:58:58'),(108,7,320,1524468752,1524479261,65,54,0,0,'2018-04-23 15:32:32','2018-04-23 18:27:41'),(109,5,439,1524474911,1524481721,120,108,0,0,'2018-04-23 17:15:11','2018-04-23 19:08:41'),(110,8,505,1524479109,1524488933,120,109,0,0,'2018-04-23 18:25:09','2018-04-23 21:08:53'),(111,7,321,1524479261,1524486002,37,30,0,0,'2018-04-23 18:27:41','2018-04-23 20:20:02'),(112,5,440,1524481721,1524487821,120,108,0,0,'2018-04-23 19:08:41','2018-04-23 20:50:21'),(113,9,302,1524484738,1524485449,65,57,0,0,'2018-04-23 19:58:58','2018-04-23 20:10:49'),(114,9,303,1524485449,1524486337,63,58,0,0,'2018-04-23 20:10:49','2018-04-23 20:25:37'),(115,7,666666,1524486002,0,214,177,0,0,'2018-04-23 20:20:02','2018-04-23 20:20:02'),(116,9,304,1524486337,1524487116,65,55,0,0,'2018-04-23 20:25:37','2018-04-23 20:38:36'),(117,9,305,1524487116,1524487843,69,62,0,0,'2018-04-23 20:38:36','2018-04-23 20:50:43'),(118,5,441,1524487821,1524494088,120,106,0,0,'2018-04-23 20:50:21','2018-04-23 22:34:48'),(119,9,306,1524487843,1524489070,82,72,0,0,'2018-04-23 20:50:43','2018-04-23 21:11:10'),(120,9,307,1524488530,1524489277,65,58,0,0,'2018-04-23 21:02:10','2018-04-23 21:14:37'),(121,8,506,1524488933,1524494008,120,103,0,0,'2018-04-23 21:08:53','2018-04-23 22:33:28'),(122,9,308,1524489277,1524489941,65,53,0,0,'2018-04-23 21:14:37','2018-04-23 21:25:41'),(123,9,309,1524489941,1524490781,65,55,0,0,'2018-04-23 21:25:41','2018-04-23 21:39:41'),(124,9,310,1524490781,1524491304,65,55,0,0,'2018-04-23 21:39:41','2018-04-23 21:48:24'),(125,9,311,1524491304,1524491917,65,52,0,0,'2018-04-23 21:48:24','2018-04-23 21:58:37'),(126,9,312,1524491917,1524492421,65,58,0,0,'2018-04-23 21:58:37','2018-04-23 22:07:01'),(127,9,313,1524492421,1524492918,65,53,0,0,'2018-04-23 22:07:01','2018-04-23 22:15:18'),(128,9,314,1524492918,1524493709,120,103,0,0,'2018-04-23 22:15:18','2018-04-23 22:28:29'),(129,9,315,1524493709,1524494552,120,98,0,0,'2018-04-23 22:28:29','2018-04-23 22:42:32'),(130,8,507,1524494008,1524513089,100,80,0,0,'2018-04-23 22:33:28','2018-04-24 03:51:29'),(131,5,442,1524494088,1524527315,112,100,0,0,'2018-04-23 22:34:48','2018-04-24 07:48:35'),(132,9,316,1524494552,1524495501,113,100,0,0,'2018-04-23 22:42:32','2018-04-23 22:58:21'),(133,9,317,1524495501,1524496624,117,100,0,0,'2018-04-23 22:58:21','2018-04-23 23:17:04'),(134,9,318,1524496624,1524498391,120,95,0,0,'2018-04-23 23:17:04','2018-04-23 23:46:31'),(135,9,319,1524498391,1524500936,106,89,0,0,'2018-04-23 23:46:31','2018-04-24 00:28:56'),(136,9,320,1524500681,1524513471,100,84,0,0,'2018-04-24 00:24:41','2018-04-24 03:57:51'),(137,8,508,1524513089,1524532362,120,107,0,0,'2018-04-24 03:51:29','2018-04-24 09:12:42'),(138,9,321,1524513471,1524521142,100,89,0,0,'2018-04-24 03:57:51','2018-04-24 06:05:42'),(139,9,322,1524521142,1524522390,50,49,0,0,'2018-04-24 06:05:42','2018-04-24 06:26:30'),(140,9,323,1524522390,1524524132,100,86,0,0,'2018-04-24 06:26:30','2018-04-24 06:55:32'),(141,9,324,1524524132,1524525147,100,88,0,0,'2018-04-24 06:55:32','2018-04-24 07:12:27'),(142,9,325,1524525147,1524526320,112,85,0,0,'2018-04-24 07:12:27','2018-04-24 07:32:00'),(143,9,326,1524526320,1524527515,120,108,0,0,'2018-04-24 07:32:00','2018-04-24 07:51:55'),(144,5,443,1524527315,1524551464,111,100,0,0,'2018-04-24 07:48:35','2018-04-24 14:31:04'),(145,9,327,1524527515,1524528204,120,102,0,0,'2018-04-24 07:51:55','2018-04-24 08:03:24'),(146,9,328,1524528204,1524529247,120,92,0,0,'2018-04-24 08:03:24','2018-04-24 08:20:47'),(147,9,329,1524529247,1524530168,120,103,0,0,'2018-04-24 08:20:47','2018-04-24 08:36:08'),(148,9,330,1524530168,1524531048,121,96,0,0,'2018-04-24 08:36:08','2018-04-24 08:50:48'),(149,9,331,1524531048,1524532053,125,108,0,0,'2018-04-24 08:50:48','2018-04-24 09:07:33'),(150,9,332,1524532053,1524533143,125,101,0,0,'2018-04-24 09:07:33','2018-04-24 09:25:43'),(151,8,509,1524532362,1524555631,120,108,0,0,'2018-04-24 09:12:42','2018-04-24 15:40:31'),(152,9,333,1524533143,1524533789,59,48,0,0,'2018-04-24 09:25:43','2018-04-24 09:36:29'),(153,9,334,1524533789,1524534611,65,52,0,0,'2018-04-24 09:36:29','2018-04-24 09:50:11'),(154,9,335,1524534612,1524535452,52,44,0,0,'2018-04-24 09:50:12','2018-04-24 10:04:12'),(155,9,336,1524535452,1524536686,65,51,0,0,'2018-04-24 10:04:12','2018-04-24 10:24:46'),(156,9,337,1524536686,1524538228,65,55,0,0,'2018-04-24 10:24:46','2018-04-24 10:50:28'),(157,9,338,1524538228,1524540217,65,57,0,0,'2018-04-24 10:50:28','2018-04-24 11:23:37'),(158,9,339,1524540217,1524541888,65,58,0,0,'2018-04-24 11:23:37','2018-04-24 11:51:28'),(159,9,340,1524541888,1524543244,65,54,0,0,'2018-04-24 11:51:28','2018-04-24 12:14:04'),(160,9,341,1524543244,1524544623,65,48,0,0,'2018-04-24 12:14:04','2018-04-24 12:37:03'),(161,9,342,1524544623,1524546615,100,86,0,0,'2018-04-24 12:37:03','2018-04-24 13:10:15'),(162,9,343,1524546615,1524547573,61,46,0,0,'2018-04-24 13:10:15','2018-04-24 13:26:13'),(163,9,344,1524547573,1524549785,114,101,0,0,'2018-04-24 13:26:13','2018-04-24 14:03:05'),(164,9,345,1524549067,1524552004,120,96,0,0,'2018-04-24 13:51:07','2018-04-24 14:40:04'),(165,5,444,1524551464,1524624850,100,89,0,0,'2018-04-24 14:31:04','2018-04-25 10:54:10'),(166,9,346,1524552004,1524553736,56,53,0,0,'2018-04-24 14:40:04','2018-04-24 15:08:56'),(167,9,347,1524553736,1524557151,120,100,0,0,'2018-04-24 15:08:56','2018-04-24 16:05:51'),(168,8,510,1524555631,1524569053,120,107,0,0,'2018-04-24 15:40:31','2018-04-24 19:24:13'),(169,9,348,1524557151,1524559202,101,88,0,0,'2018-04-24 16:05:51','2018-04-24 16:40:02'),(170,9,349,1524559202,1524561949,110,94,0,0,'2018-04-24 16:40:02','2018-04-24 17:25:49'),(171,9,350,1524561949,1524564736,120,96,0,0,'2018-04-24 17:25:49','2018-04-24 18:12:16'),(172,9,351,1524564736,1524568985,119,101,0,0,'2018-04-24 18:12:16','2018-04-24 19:23:05'),(173,9,352,1524568985,1524571671,120,91,0,0,'2018-04-24 19:23:05','2018-04-24 20:07:51'),(174,8,511,1524569053,1524571120,67,61,0,0,'2018-04-24 19:24:13','2018-04-24 19:58:40'),(175,8,512,1524571120,1524572386,65,59,0,0,'2018-04-24 19:58:40','2018-04-24 20:19:46'),(176,9,353,1524571671,1524574206,111,90,0,0,'2018-04-24 20:07:51','2018-04-24 20:50:06'),(177,8,513,1524572386,1524573445,65,60,0,0,'2018-04-24 20:19:46','2018-04-24 20:37:25'),(178,10,301,1524573250,1524574186,5,2,0,0,'2018-04-24 20:34:10','2018-04-24 20:49:46'),(179,8,514,1524573445,1524574200,59,51,0,0,'2018-04-24 20:37:25','2018-04-24 20:50:00'),(180,10,356,1524574186,0,2,2,0,0,'2018-04-24 20:49:46','2018-04-24 20:49:46'),(181,8,515,1524574200,1524575081,48,41,0,0,'2018-04-24 20:50:00','2018-04-24 21:04:41'),(182,9,354,1524574206,1524576850,118,100,0,0,'2018-04-24 20:50:06','2018-04-24 21:34:10'),(183,8,516,1524575081,1524575820,55,45,0,0,'2018-04-24 21:04:41','2018-04-24 21:17:00'),(184,9,355,1524575160,1524579429,120,96,0,0,'2018-04-24 21:06:00','2018-04-24 22:17:09'),(185,8,517,1524575820,1524576678,65,54,0,0,'2018-04-24 21:17:00','2018-04-24 21:31:18'),(186,8,518,1524576678,1524577238,53,47,0,0,'2018-04-24 21:31:18','2018-04-24 21:40:38'),(187,8,519,1524577238,1524587376,122,109,0,0,'2018-04-24 21:40:38','2018-04-25 00:29:36'),(188,8,520,1524578500,1524587376,111,92,0,0,'2018-04-24 22:01:40','2018-04-25 00:29:36'),(189,9,356,1524579429,1524581690,119,98,0,0,'2018-04-24 22:17:09','2018-04-24 22:54:50'),(190,8,521,1524579544,1524592493,100,88,0,0,'2018-04-24 22:19:04','2018-04-25 01:54:53'),(191,8,522,1524580188,1524592493,120,103,0,0,'2018-04-24 22:29:48','2018-04-25 01:54:53'),(192,8,523,1524581649,1524592495,121,109,0,0,'2018-04-24 22:54:09','2018-04-25 01:54:55'),(193,9,357,1524581690,1524584213,100,87,0,0,'2018-04-24 22:54:50','2018-04-24 23:36:53'),(194,8,524,1524583324,1524592495,120,104,0,0,'2018-04-24 23:22:04','2018-04-25 01:54:55'),(195,9,358,1524584213,1524609933,100,80,0,0,'2018-04-24 23:36:53','2018-04-25 06:45:33'),(196,8,525,1524586615,1524605590,100,81,0,0,'2018-04-25 00:16:55','2018-04-25 05:33:10'),(197,9,359,1524589969,1524609788,100,75,0,0,'2018-04-25 01:12:49','2018-04-25 06:43:08'),(198,8,526,1524605590,1524608446,100,88,0,0,'2018-04-25 05:33:10','2018-04-25 06:20:46'),(199,8,527,1524608446,1524610510,100,93,0,0,'2018-04-25 06:20:46','2018-04-25 06:55:10'),(200,9,360,1524609788,1524612631,110,93,0,0,'2018-04-25 06:43:08','2018-04-25 07:30:31'),(201,8,528,1524610510,1524613577,120,105,0,0,'2018-04-25 06:55:10','2018-04-25 07:46:17'),(202,9,361,1524612631,1524614575,110,93,0,0,'2018-04-25 07:30:31','2018-04-25 08:02:55'),(203,8,529,1524613577,1524616210,120,106,0,0,'2018-04-25 07:46:17','2018-04-25 08:30:10'),(204,9,362,1524614575,1524616214,110,97,0,0,'2018-04-25 08:02:55','2018-04-25 08:30:14'),(205,8,530,1524616210,1524618450,86,71,0,0,'2018-04-25 08:30:10','2018-04-25 09:07:30'),(206,9,363,1524616214,1524617511,110,100,0,0,'2018-04-25 08:30:14','2018-04-25 08:51:51'),(207,9,364,1524617511,1524618875,110,88,0,0,'2018-04-25 08:51:51','2018-04-25 09:14:35'),(208,8,531,1524618450,1524622837,72,64,0,0,'2018-04-25 09:07:30','2018-04-25 10:20:37'),(209,9,365,1524618875,1524620519,110,88,0,0,'2018-04-25 09:14:35','2018-04-25 09:41:59'),(210,9,366,1524620519,1524622221,110,94,0,0,'2018-04-25 09:41:59','2018-04-25 10:10:21'),(211,8,532,1524620571,1524625606,120,90,0,0,'2018-04-25 09:42:51','2018-04-25 11:06:46'),(212,9,367,1524622221,1524623554,110,92,0,0,'2018-04-25 10:10:21','2018-04-25 10:32:34'),(213,9,368,1524623554,1524625514,110,94,0,0,'2018-04-25 10:32:34','2018-04-25 11:05:14'),(214,5,445,1524624850,1524654451,98,92,0,0,'2018-04-25 10:54:10','2018-04-25 19:07:31'),(215,9,369,1524625514,1524627353,110,92,0,0,'2018-04-25 11:05:14','2018-04-25 11:35:53'),(216,8,533,1524625606,1524634099,120,106,0,0,'2018-04-25 11:06:46','2018-04-25 13:28:19'),(217,9,370,1524627353,1524628898,110,95,0,0,'2018-04-25 11:35:53','2018-04-25 12:01:38'),(218,9,371,1524628898,1524630443,110,84,0,0,'2018-04-25 12:01:38','2018-04-25 12:27:23'),(219,9,372,1524630443,1524631657,120,101,0,0,'2018-04-25 12:27:23','2018-04-25 12:47:37'),(220,9,373,1524631657,1524632740,120,101,0,0,'2018-04-25 12:47:37','2018-04-25 13:05:40'),(221,9,374,1524632740,1524633696,108,96,0,0,'2018-04-25 13:05:40','2018-04-25 13:21:36'),(222,9,375,1524633696,1524634626,110,87,0,0,'2018-04-25 13:21:36','2018-04-25 13:37:06'),(223,8,534,1524634099,1524649443,120,100,0,0,'2018-04-25 13:28:19','2018-04-25 17:44:03'),(224,9,376,1524634626,1524635464,110,90,0,0,'2018-04-25 13:37:06','2018-04-25 13:51:04'),(225,9,377,1524635464,1524636520,106,86,0,0,'2018-04-25 13:51:04','2018-04-25 14:08:40'),(226,9,378,1524636520,1524637727,110,90,0,0,'2018-04-25 14:08:40','2018-04-25 14:28:47'),(227,9,379,1524637727,1524639011,110,91,0,0,'2018-04-25 14:28:47','2018-04-25 14:50:11'),(228,9,380,1524639011,1524639252,25,21,0,0,'2018-04-25 14:50:11','2018-04-25 14:54:12'),(229,9,381,1524639252,1524640454,71,64,0,0,'2018-04-25 14:54:12','2018-04-25 15:14:14'),(230,9,382,1524640454,1524644399,76,68,0,0,'2018-04-25 15:14:14','2018-04-25 16:19:59'),(231,9,383,1524641507,1524644401,65,52,0,0,'2018-04-25 15:31:47','2018-04-25 16:20:01'),(232,9,384,1524642806,1524644443,66,55,0,0,'2018-04-25 15:53:26','2018-04-25 16:20:43'),(233,11,301,1524644141,1524656821,68,55,0,0,'2018-04-25 16:15:41','2018-04-25 19:47:01'),(234,9,385,1524644443,1524646883,95,71,0,0,'2018-04-25 16:20:43','2018-04-25 17:01:23'),(235,9,386,1524646883,1524650620,100,88,0,0,'2018-04-25 17:01:23','2018-04-25 18:03:40'),(236,8,535,1524649443,1524674576,121,98,0,0,'2018-04-25 17:44:03','2018-04-26 00:42:56'),(237,9,387,1524650620,1524653684,100,85,0,0,'2018-04-25 18:03:40','2018-04-25 18:54:44'),(238,9,388,1524653684,1524656183,99,82,0,0,'2018-04-25 18:54:44','2018-04-25 19:36:23'),(239,5,6666,1524654451,0,64,56,0,0,'2018-04-25 19:07:31','2018-04-25 19:07:31'),(240,9,389,1524656183,1524658697,100,82,0,0,'2018-04-25 19:36:23','2018-04-25 20:18:17'),(241,11,302,1524656498,1524658406,47,43,0,0,'2018-04-25 19:41:38','2018-04-25 20:13:26'),(242,11,303,1524656821,1524664247,120,106,0,0,'2018-04-25 19:47:01','2018-04-25 21:50:47'),(243,9,390,1524658697,1524661011,100,82,0,0,'2018-04-25 20:18:17','2018-04-25 20:56:51'),(244,8,536,1524660803,1524695993,88,78,0,0,'2018-04-25 20:53:23','2018-04-26 06:39:53'),(245,9,391,1524661011,1524663805,90,72,0,0,'2018-04-25 20:56:51','2018-04-25 21:43:25'),(246,8,537,1524662627,1524667454,120,104,0,0,'2018-04-25 21:23:47','2018-04-25 22:44:14'),(247,9,392,1524663805,1524665931,100,88,0,0,'2018-04-25 21:43:25','2018-04-25 22:18:51'),(248,11,304,1524664247,1524665777,19,16,0,0,'2018-04-25 21:50:47','2018-04-25 22:16:17'),(249,11,5555,1524665777,1525325135,121,105,0,0,'2018-04-25 22:16:17','2018-05-03 13:25:35'),(250,9,393,1524665931,1524668419,80,65,0,0,'2018-04-25 22:18:51','2018-04-25 23:00:19'),(251,8,538,1524667454,1524701855,96,78,0,0,'2018-04-25 22:44:14','2018-04-26 08:17:35'),(252,9,394,1524668419,1524673087,100,82,0,0,'2018-04-25 23:00:19','2018-04-26 00:18:07'),(253,9,395,1524673087,1524697297,100,87,0,0,'2018-04-26 00:18:07','2018-04-26 07:01:37'),(254,9,396,1524697297,1524701722,100,86,0,0,'2018-04-26 07:01:37','2018-04-26 08:15:22'),(255,9,397,1524701722,1524706461,110,93,0,0,'2018-04-26 08:15:22','2018-04-26 09:34:21'),(256,8,539,1524701855,1524707211,65,52,0,0,'2018-04-26 08:17:35','2018-04-26 09:46:51'),(257,9,398,1524706461,1524713810,110,86,0,0,'2018-04-26 09:34:21','2018-04-26 11:36:50'),(258,8,540,1524707211,1524740481,91,74,0,0,'2018-04-26 09:46:51','2018-04-26 19:01:21'),(259,9,399,1524713810,1524720473,106,93,0,0,'2018-04-26 11:36:50','2018-04-26 13:27:53'),(260,9,400,1524720473,1524724505,110,83,0,0,'2018-04-26 13:27:53','2018-04-26 14:35:05'),(261,9,401,1524724505,1524727817,62,43,0,0,'2018-04-26 14:35:05','2018-04-26 15:30:17'),(262,9,402,1524727817,1524734715,92,77,0,0,'2018-04-26 15:30:17','2018-04-26 17:25:15'),(263,9,403,1524734715,1524738707,110,92,0,0,'2018-04-26 17:25:15','2018-04-26 18:31:47'),(264,11,5556,1524735172,1525300377,35,0,0,0,'2018-04-26 17:32:52','2018-05-03 06:32:57'),(265,9,404,1524738707,1524741045,108,88,0,0,'2018-04-26 18:31:47','2018-04-26 19:10:45'),(266,12,1001,1524740041,1524740043,0,0,0,0,'2018-04-26 18:54:01','2018-04-26 18:54:03'),(267,12,301,1524740043,1524750309,106,90,0,0,'2018-04-26 18:54:03','2018-04-26 21:45:09'),(268,8,541,1524740481,1524743747,22,19,0,0,'2018-04-26 19:01:21','2018-04-26 19:55:47'),(269,9,405,1524741045,1524742998,108,88,0,0,'2018-04-26 19:10:45','2018-04-26 19:43:18'),(270,9,406,1524742998,1524744938,110,85,0,0,'2018-04-26 19:43:18','2018-04-26 20:15:38'),(271,8,542,1524743747,1524747985,120,101,0,0,'2018-04-26 19:55:47','2018-04-26 21:06:25'),(272,9,407,1524744938,1524747179,106,78,0,0,'2018-04-26 20:15:38','2018-04-26 20:52:59'),(273,9,408,1524747179,1524750134,100,84,0,0,'2018-04-26 20:52:59','2018-04-26 21:42:14'),(274,8,543,1524747985,1524903706,65,54,0,0,'2018-04-26 21:06:25','2018-04-28 16:21:46'),(275,9,409,1524750134,1524753370,94,63,0,0,'2018-04-26 21:42:14','2018-04-26 22:36:10'),(276,12,302,1524750309,1524751700,65,50,0,0,'2018-04-26 21:45:09','2018-04-26 22:08:20'),(277,12,303,1524751700,1524752814,65,55,0,0,'2018-04-26 22:08:20','2018-04-26 22:26:54'),(278,12,304,1524752814,1524754007,65,55,0,0,'2018-04-26 22:26:54','2018-04-26 22:46:47'),(279,13,1001,1524753176,1524753343,0,0,0,0,'2018-04-26 22:32:56','2018-04-26 22:35:43'),(280,13,550,1524753343,1524804620,65,57,0,0,'2018-04-26 22:35:43','2018-04-27 12:50:20'),(281,9,410,1524753370,1524756465,87,70,0,0,'2018-04-26 22:36:10','2018-04-26 23:27:45'),(282,12,305,1524754007,1524755220,65,55,0,0,'2018-04-26 22:46:47','2018-04-26 23:07:00'),(283,12,306,1524755220,1524757480,110,92,0,0,'2018-04-26 23:07:00','2018-04-26 23:44:40'),(284,9,411,1524756465,1524762085,65,54,0,0,'2018-04-26 23:27:45','2018-04-27 01:01:25'),(285,12,307,1524757480,1524774236,100,81,0,0,'2018-04-26 23:44:40','2018-04-27 04:23:56'),(286,9,552,1524762085,1524784964,100,78,0,0,'2018-04-27 01:01:25','2018-04-27 07:22:44'),(287,12,308,1524774236,1524780547,100,87,0,0,'2018-04-27 04:23:56','2018-04-27 06:09:07'),(288,12,309,1524780547,1524783373,100,84,0,0,'2018-04-27 06:09:07','2018-04-27 06:56:13'),(289,9,412,1524782454,1524833636,65,52,0,0,'2018-04-27 06:40:54','2018-04-27 20:53:56'),(290,12,310,1524783373,1524785782,100,85,0,0,'2018-04-27 06:56:13','2018-04-27 07:36:22'),(291,9,553,1524784964,1524790807,100,80,0,0,'2018-04-27 07:22:44','2018-04-27 09:00:07'),(292,12,311,1524785782,1524788554,100,82,0,0,'2018-04-27 07:36:22','2018-04-27 08:22:34'),(293,12,312,1524788554,1524790022,65,58,0,0,'2018-04-27 08:22:34','2018-04-27 08:47:02'),(294,12,313,1524790022,1524792024,65,55,0,0,'2018-04-27 08:47:02','2018-04-27 09:20:24'),(295,9,554,1524790807,1524794803,100,83,0,0,'2018-04-27 09:00:07','2018-04-27 10:06:43'),(296,12,314,1524792024,1524794496,65,56,0,0,'2018-04-27 09:20:24','2018-04-27 10:01:36'),(297,12,315,1524794496,1524797833,65,55,0,0,'2018-04-27 10:01:36','2018-04-27 10:57:13'),(298,9,555,1524794803,1524797850,71,67,0,0,'2018-04-27 10:06:43','2018-04-27 10:57:30'),(299,12,316,1524797833,1524798039,4,4,0,0,'2018-04-27 10:57:13','2018-04-27 11:00:39'),(300,9,556,1524797850,1524801578,100,85,0,0,'2018-04-27 10:57:30','2018-04-27 11:59:38'),(301,12,317,1524798039,1524808201,65,53,0,0,'2018-04-27 11:00:39','2018-04-27 13:50:01'),(302,9,557,1524801578,1524803994,100,81,0,0,'2018-04-27 11:59:38','2018-04-27 12:39:54'),(303,9,558,1524803994,1524805714,100,85,0,0,'2018-04-27 12:39:54','2018-04-27 13:08:34'),(304,13,551,1524804620,1524813467,65,55,0,0,'2018-04-27 12:50:20','2018-04-27 15:17:47'),(305,9,559,1524805714,1524807953,100,76,0,0,'2018-04-27 13:08:34','2018-04-27 13:45:53'),(306,9,560,1524807953,1524812439,115,96,0,0,'2018-04-27 13:45:53','2018-04-27 15:00:39'),(307,12,318,1524808201,1524822891,65,51,0,0,'2018-04-27 13:50:01','2018-04-27 17:54:51'),(308,14,1001,1524809543,1524810211,1,1,0,0,'2018-04-27 14:12:23','2018-04-27 14:23:31'),(309,14,350,1524810211,1524820971,2,2,0,0,'2018-04-27 14:23:31','2018-04-27 17:22:51'),(310,9,561,1524812439,1524822338,115,98,0,0,'2018-04-27 15:00:39','2018-04-27 17:45:38'),(311,13,552,1524813467,1524821843,65,52,0,0,'2018-04-27 15:17:47','2018-04-27 17:37:23'),(312,1,300,1524819850,0,0,0,0,0,'2018-04-27 17:04:10','2018-04-27 17:04:10'),(313,14,400,1524820971,1524824076,31,26,0,0,'2018-04-27 17:22:51','2018-04-27 18:14:36'),(314,13,553,1524821843,1524823629,15,14,0,0,'2018-04-27 17:37:23','2018-04-27 18:07:09'),(315,9,562,1524822338,1524822400,1,1,0,0,'2018-04-27 17:45:38','2018-04-27 17:46:40'),(316,12,319,1524822891,1524869191,78,63,0,0,'2018-04-27 17:54:51','2018-04-28 06:46:31'),(317,13,554,1524823629,1524833762,65,50,0,0,'2018-04-27 18:07:09','2018-04-27 20:56:02'),(318,14,401,1524824076,1524826587,65,61,0,0,'2018-04-27 18:14:36','2018-04-27 18:56:27'),(319,14,402,1524826587,1524828316,65,56,0,0,'2018-04-27 18:56:27','2018-04-27 19:25:16'),(320,14,403,1524828316,1524830490,65,54,0,0,'2018-04-27 19:25:16','2018-04-27 20:01:30'),(321,1,2000,1524828515,1524829524,3,2,0,0,'2018-04-27 19:28:35','2018-04-27 19:45:24'),(322,1,2001,1524829524,1524837691,105,96,0,0,'2018-04-27 19:45:24','2018-04-27 22:01:31'),(323,14,404,1524830490,1524832206,42,36,0,0,'2018-04-27 20:01:30','2018-04-27 20:30:06'),(324,14,405,1524832206,1524833399,16,13,0,0,'2018-04-27 20:30:06','2018-04-27 20:49:59'),(325,14,406,1524833399,1524835538,65,56,0,0,'2018-04-27 20:49:59','2018-04-27 21:25:38'),(326,9,413,1524833636,1524845968,100,83,0,0,'2018-04-27 20:53:56','2018-04-28 00:19:28'),(327,13,555,1524833762,1524838921,65,45,0,0,'2018-04-27 20:56:02','2018-04-27 22:22:01'),(328,14,407,1524835538,1524837403,65,58,0,0,'2018-04-27 21:25:38','2018-04-27 21:56:43'),(329,14,408,1524837403,1524839174,65,60,0,0,'2018-04-27 21:56:43','2018-04-27 22:26:14'),(330,1,2002,1524837691,1524842315,101,94,0,0,'2018-04-27 22:01:31','2018-04-27 23:18:35'),(331,13,556,1524838921,1524849723,65,45,0,0,'2018-04-27 22:22:01','2018-04-28 01:22:03'),(332,14,409,1524839174,1524841895,65,59,0,0,'2018-04-27 22:26:14','2018-04-27 23:11:35'),(333,14,410,1524841895,1524846574,47,38,0,0,'2018-04-27 23:11:35','2018-04-28 00:29:34'),(334,1,2003,1524842315,1524869552,109,95,0,0,'2018-04-27 23:18:35','2018-04-28 06:52:32'),(335,9,414,1524845968,1524890159,78,68,0,0,'2018-04-28 00:19:28','2018-04-28 12:35:59'),(336,14,585858,1524846574,0,179,151,0,0,'2018-04-28 00:29:34','2018-04-28 00:29:34'),(337,13,557,1524849723,1524872127,65,44,0,0,'2018-04-28 01:22:03','2018-04-28 07:35:27'),(338,12,320,1524869191,1524903766,49,42,0,0,'2018-04-28 06:46:31','2018-04-28 16:22:46'),(339,1,2004,1524869552,1524875605,101,85,0,0,'2018-04-28 06:52:32','2018-04-28 08:33:25'),(340,13,558,1524872127,1524879517,65,53,0,0,'2018-04-28 07:35:27','2018-04-28 09:38:37'),(341,1,2005,1524875605,1524882075,104,94,0,0,'2018-04-28 08:33:25','2018-04-28 10:21:15'),(342,13,559,1524879517,1524881741,16,12,0,0,'2018-04-28 09:38:37','2018-04-28 10:15:41'),(343,13,560,1524881741,1524888032,65,51,0,0,'2018-04-28 10:15:41','2018-04-28 12:00:32'),(344,1,2006,1524882075,1524892611,102,94,0,0,'2018-04-28 10:21:15','2018-04-28 13:16:51'),(345,13,561,1524888032,1524895180,65,53,0,0,'2018-04-28 12:00:32','2018-04-28 13:59:40'),(346,9,415,1524890159,1524911642,76,59,0,0,'2018-04-28 12:35:59','2018-04-28 18:34:02'),(347,9,563,1524890453,1525748939,0,0,0,0,'2018-04-28 12:40:53','2018-05-08 11:08:59'),(348,1,2007,1524892611,1524901337,100,91,0,0,'2018-04-28 13:16:51','2018-04-28 15:42:17'),(349,13,562,1524895180,1524903511,65,53,0,0,'2018-04-28 13:59:40','2018-04-28 16:18:31'),(350,15,1001,1524897633,1524897639,0,0,0,0,'2018-04-28 14:40:33','2018-04-28 14:40:39'),(351,15,301,1524897639,1525000723,65,62,0,0,'2018-04-28 14:40:39','2018-04-29 19:18:43'),(352,1,2008,1524901337,1524916536,100,95,0,0,'2018-04-28 15:42:17','2018-04-28 19:55:36'),(353,13,563,1524903511,1524903827,2,2,0,0,'2018-04-28 16:18:31','2018-04-28 16:23:47'),(354,8,555666,1524903706,1541680401,0,0,0,0,'2018-04-28 16:21:46','2018-11-08 20:33:21'),(355,12,88666,1524903766,0,78,67,0,0,'2018-04-28 16:22:46','2018-04-28 16:22:46'),(356,13,99669,1524903827,0,1123,766,0,0,'2018-04-28 16:23:47','2018-04-28 16:23:47'),(357,16,1001,1524904391,1524904392,0,0,0,0,'2018-04-28 16:33:11','2018-04-28 16:33:12'),(358,16,564,1524904392,1524916875,27,26,0,0,'2018-04-28 16:33:12','2018-04-28 20:01:15'),(359,9,416,1524911642,1524914089,29,23,0,0,'2018-04-28 18:34:02','2018-04-28 19:14:49'),(360,9,417,1524914089,1524923040,100,88,0,0,'2018-04-28 19:14:49','2018-04-28 21:44:00'),(361,1,2009,1524916536,1524922689,100,85,0,0,'2018-04-28 19:55:36','2018-04-28 21:38:09'),(362,16,565,1524916875,1524921220,79,70,0,0,'2018-04-28 20:01:15','2018-04-28 21:13:40'),(363,16,566,1524921220,1524926679,63,52,0,0,'2018-04-28 21:13:40','2018-04-28 22:44:39'),(364,1,2010,1524922689,1524925552,100,93,0,0,'2018-04-28 21:38:09','2018-04-28 22:25:52'),(365,9,418,1524923040,1524925217,99,86,0,0,'2018-04-28 21:44:00','2018-04-28 22:20:17'),(366,9,419,1524925217,1524927067,84,72,0,0,'2018-04-28 22:20:17','2018-04-28 22:51:07'),(367,1,2011,1524925552,1524928884,103,96,0,0,'2018-04-28 22:25:52','2018-04-28 23:21:24'),(368,16,567,1524926679,1524956685,65,54,0,0,'2018-04-28 22:44:39','2018-04-29 07:04:45'),(369,9,420,1524927067,1524930054,105,94,0,0,'2018-04-28 22:51:07','2018-04-28 23:40:54'),(370,1,2012,1524928884,1524938462,102,95,0,0,'2018-04-28 23:21:24','2018-04-29 02:01:02'),(371,9,421,1524930054,1524935340,100,84,0,0,'2018-04-28 23:40:54','2018-04-29 01:09:00'),(372,9,422,1524935340,1524956797,95,76,0,0,'2018-04-29 01:09:00','2018-04-29 07:06:37'),(373,1,2013,1524938462,1524957144,106,96,0,0,'2018-04-29 02:01:02','2018-04-29 07:12:24'),(374,16,568,1524956685,1524961705,65,53,0,0,'2018-04-29 07:04:45','2018-04-29 08:28:25'),(375,9,423,1524956797,1524961058,110,87,0,0,'2018-04-29 07:06:37','2018-04-29 08:17:38'),(376,9,424,1524956804,1524964187,103,87,0,0,'2018-04-29 07:06:44','2018-04-29 09:09:47'),(377,1,2014,1524957144,1524960004,83,79,0,0,'2018-04-29 07:12:24','2018-04-29 08:00:04'),(378,1,2015,1524960004,1524962321,86,79,0,0,'2018-04-29 08:00:04','2018-04-29 08:38:41'),(379,16,569,1524961705,1524978557,65,52,0,0,'2018-04-29 08:28:25','2018-04-29 13:09:17'),(380,1,2016,1524962321,1524964143,83,77,0,0,'2018-04-29 08:38:41','2018-04-29 09:09:03'),(381,1,2017,1524964143,1524966395,98,87,0,0,'2018-04-29 09:09:03','2018-04-29 09:46:35'),(382,9,425,1524964187,1524967645,110,88,0,0,'2018-04-29 09:09:47','2018-04-29 10:07:25'),(383,1,2018,1524966395,1524968513,86,78,0,0,'2018-04-29 09:46:35','2018-04-29 10:21:53'),(384,9,426,1524967645,1524974761,110,90,0,0,'2018-04-29 10:07:25','2018-04-29 12:06:01'),(385,1,2019,1524968513,1524971133,87,78,0,0,'2018-04-29 10:21:53','2018-04-29 11:05:33'),(386,1,2020,1524971133,1524975663,104,87,0,0,'2018-04-29 11:05:33','2018-04-29 12:21:03'),(387,9,427,1524974761,1524982003,110,88,0,0,'2018-04-29 12:06:01','2018-04-29 14:06:43'),(388,1,2021,1524975663,1524980372,100,92,0,0,'2018-04-29 12:21:03','2018-04-29 13:39:32'),(389,16,570,1524978557,1525075054,100,84,0,0,'2018-04-29 13:09:17','2018-04-30 15:57:34'),(390,1,2022,1524980372,1524987163,100,88,0,0,'2018-04-29 13:39:32','2018-04-29 15:32:43'),(391,9,428,1524982003,1524987064,109,88,0,0,'2018-04-29 14:06:43','2018-04-29 15:31:04'),(392,9,429,1524987064,1524995440,110,88,0,0,'2018-04-29 15:31:04','2018-04-29 17:50:40'),(393,1,2023,1524987163,1524999689,100,83,0,0,'2018-04-29 15:32:43','2018-04-29 19:01:29'),(394,9,430,1524995440,1525000030,95,80,0,0,'2018-04-29 17:50:40','2018-04-29 19:07:10'),(395,1,2024,1524999689,1525005371,100,88,0,0,'2018-04-29 19:01:29','2018-04-29 20:36:11'),(396,9,431,1525000030,1525004228,95,73,0,0,'2018-04-29 19:07:10','2018-04-29 20:17:08'),(397,15,302,1525000723,1525002631,65,57,0,0,'2018-04-29 19:18:43','2018-04-29 19:50:31'),(398,15,303,1525002631,1525004852,65,56,0,0,'2018-04-29 19:50:31','2018-04-29 20:27:32'),(399,9,432,1525004228,1525006662,110,93,0,0,'2018-04-29 20:17:08','2018-04-29 20:57:42'),(400,15,304,1525004852,1525007411,65,54,0,0,'2018-04-29 20:27:32','2018-04-29 21:10:11'),(401,1,2025,1525005371,1525007818,100,95,0,0,'2018-04-29 20:36:11','2018-04-29 21:16:58'),(402,9,433,1525006662,1525008849,110,96,0,0,'2018-04-29 20:57:42','2018-04-29 21:34:09'),(403,15,305,1525007411,1525009606,65,57,0,0,'2018-04-29 21:10:11','2018-04-29 21:46:46'),(404,1,2026,1525007818,1525010558,100,95,0,0,'2018-04-29 21:16:58','2018-04-29 22:02:38'),(405,9,434,1525008849,1525010403,110,84,0,0,'2018-04-29 21:34:09','2018-04-29 22:00:03'),(406,15,306,1525009606,1525011623,65,60,0,0,'2018-04-29 21:46:46','2018-04-29 22:20:23'),(407,9,435,1525010403,1525012240,110,89,0,0,'2018-04-29 22:00:03','2018-04-29 22:30:40'),(408,1,2027,1525010558,1525012925,100,90,0,0,'2018-04-29 22:02:38','2018-04-29 22:42:05'),(409,15,307,1525011623,1525013334,65,56,0,0,'2018-04-29 22:20:23','2018-04-29 22:48:54'),(410,9,436,1525012240,1525014173,100,78,0,0,'2018-04-29 22:30:40','2018-04-29 23:02:53'),(411,1,2028,1525012925,1525015395,100,94,0,0,'2018-04-29 22:42:05','2018-04-29 23:23:15'),(412,15,308,1525013334,1525016092,65,57,0,0,'2018-04-29 22:48:54','2018-04-29 23:34:52'),(413,9,437,1525014173,1525016394,100,85,0,0,'2018-04-29 23:02:53','2018-04-29 23:39:54'),(414,1,2029,1525015395,1525024089,100,81,0,0,'2018-04-29 23:23:15','2018-04-30 01:48:09'),(415,15,309,1525016092,1525039593,100,82,0,0,'2018-04-29 23:34:52','2018-04-30 06:06:33'),(416,9,438,1525016394,1525019325,92,79,0,0,'2018-04-29 23:39:54','2018-04-30 00:28:45'),(417,9,439,1525019325,1525040730,100,84,0,0,'2018-04-30 00:28:45','2018-04-30 06:25:30'),(418,1,2030,1525024089,1525043472,100,91,0,0,'2018-04-30 01:48:09','2018-04-30 07:11:12'),(419,15,310,1525039593,1525047758,100,93,0,0,'2018-04-30 06:06:33','2018-04-30 08:22:38'),(420,9,440,1525040730,1525046090,100,77,0,0,'2018-04-30 06:25:30','2018-04-30 07:54:50'),(421,1,2031,1525043472,1525048205,100,92,0,0,'2018-04-30 07:11:12','2018-04-30 08:30:05'),(422,9,441,1525046090,1525050272,100,82,0,0,'2018-04-30 07:54:50','2018-04-30 09:04:32'),(423,15,311,1525047758,1525055663,100,88,0,0,'2018-04-30 08:22:38','2018-04-30 10:34:23'),(424,1,2032,1525048205,1525050000,100,92,0,0,'2018-04-30 08:30:05','2018-04-30 09:00:00'),(425,1,2033,1525050000,1525051683,100,91,0,0,'2018-04-30 09:00:00','2018-04-30 09:28:03'),(426,9,442,1525050272,1525053158,100,76,0,0,'2018-04-30 09:04:32','2018-04-30 09:52:38'),(427,1,2034,1525051683,1525053907,100,88,0,0,'2018-04-30 09:28:03','2018-04-30 10:05:07'),(428,15,312,1525052173,1525059830,65,57,0,0,'2018-04-30 09:36:13','2018-04-30 11:43:50'),(429,9,443,1525053158,1525058218,100,87,0,0,'2018-04-30 09:52:38','2018-04-30 11:16:58'),(430,1,2035,1525053907,1525056348,100,88,0,0,'2018-04-30 10:05:07','2018-04-30 10:45:48'),(431,1,2036,1525056348,1525059024,100,85,0,0,'2018-04-30 10:45:48','2018-04-30 11:30:24'),(432,9,444,1525058218,1525062836,100,78,0,0,'2018-04-30 11:16:58','2018-04-30 12:33:56'),(433,1,2037,1525059024,1525062994,100,89,0,0,'2018-04-30 11:30:24','2018-04-30 12:36:34'),(434,15,313,1525059830,1525079068,65,55,0,0,'2018-04-30 11:43:50','2018-04-30 17:04:28'),(435,9,445,1525062836,1525067301,100,81,0,0,'2018-04-30 12:33:56','2018-04-30 13:48:21'),(436,1,2038,1525062994,1525068734,100,90,0,0,'2018-04-30 12:36:34','2018-04-30 14:12:14'),(437,9,446,1525067301,1525069571,64,57,0,0,'2018-04-30 13:48:21','2018-04-30 14:26:11'),(438,1,2039,1525068734,1525074381,100,89,0,0,'2018-04-30 14:12:14','2018-04-30 15:46:21'),(439,9,447,1525069571,1525070343,12,9,0,0,'2018-04-30 14:26:11','2018-04-30 14:39:03'),(440,9,448,1525070343,1525070981,19,15,0,0,'2018-04-30 14:39:03','2018-04-30 14:49:41'),(441,9,449,1525070981,1525076152,100,85,0,0,'2018-04-30 14:49:41','2018-04-30 16:15:52'),(442,18,1001,1525073831,1525073835,0,0,0,0,'2018-04-30 15:37:11','2018-04-30 15:37:15'),(443,18,301,1525073835,0,0,0,0,0,'2018-04-30 15:37:15','2018-04-30 15:37:15'),(444,1,2040,1525074381,1525080831,100,84,0,0,'2018-04-30 15:46:21','2018-04-30 17:33:51'),(445,16,571,1525075054,1525092269,100,86,0,0,'2018-04-30 15:57:34','2018-04-30 20:44:29'),(446,9,450,1525076152,1525082320,100,80,0,0,'2018-04-30 16:15:52','2018-04-30 17:58:40'),(447,15,314,1525079068,1525156840,70,63,0,0,'2018-04-30 17:04:28','2018-05-01 14:40:40'),(448,1,2041,1525080831,1525089279,100,92,0,0,'2018-04-30 17:33:51','2018-04-30 19:54:39'),(449,9,451,1525082320,1525088661,88,72,0,0,'2018-04-30 17:58:40','2018-04-30 19:44:21'),(450,9,452,1525088661,1525098721,100,84,0,0,'2018-04-30 19:44:21','2018-04-30 22:32:01'),(451,1,2042,1525089279,1525092755,94,82,0,0,'2018-04-30 19:54:39','2018-04-30 20:52:35'),(452,16,572,1525092269,1525094438,109,96,0,0,'2018-04-30 20:44:29','2018-04-30 21:20:38'),(453,1,2043,1525092755,1525095509,100,85,0,0,'2018-04-30 20:52:35','2018-04-30 21:38:29'),(454,16,573,1525094438,1525098161,110,97,0,0,'2018-04-30 21:20:38','2018-04-30 22:22:41'),(455,1,2044,1525095509,1525098694,100,92,0,0,'2018-04-30 21:38:29','2018-04-30 22:31:34'),(456,16,574,1525098161,1525111114,100,88,0,0,'2018-04-30 22:22:41','2018-05-01 01:58:34'),(457,1,2045,1525098694,1525102259,100,90,0,0,'2018-04-30 22:31:34','2018-04-30 23:30:59'),(458,9,453,1525098721,1525134448,100,82,0,0,'2018-04-30 22:32:01','2018-05-01 08:27:28'),(459,1,2046,1525102259,1525123573,100,85,0,0,'2018-04-30 23:30:59','2018-05-01 05:26:13'),(460,16,575,1525111114,1525133390,120,106,0,0,'2018-05-01 01:58:34','2018-05-01 08:09:50'),(461,1,2047,1525123573,1525129525,101,95,0,0,'2018-05-01 05:26:13','2018-05-01 07:05:25'),(462,1,2048,1525129525,1525134060,100,91,0,0,'2018-05-01 07:05:25','2018-05-01 08:21:00'),(463,16,576,1525133390,1525149538,120,101,0,0,'2018-05-01 08:09:50','2018-05-01 12:38:58'),(464,1,2049,1525134060,1525138009,100,91,0,0,'2018-05-01 08:21:00','2018-05-01 09:26:49'),(465,9,454,1525134448,1525145746,58,48,0,0,'2018-05-01 08:27:28','2018-05-01 11:35:46'),(466,1,2050,1525138009,1525144749,88,79,0,0,'2018-05-01 09:26:49','2018-05-01 11:19:09'),(467,1,2051,1525144749,1525151865,100,92,0,0,'2018-05-01 11:19:09','2018-05-01 13:17:45'),(468,9,455,1525145746,1525166702,100,81,0,0,'2018-05-01 11:35:46','2018-05-01 17:25:02'),(469,17,301,1525148201,0,0,0,0,0,'2018-05-01 12:16:41','2018-05-01 12:16:41'),(470,16,577,1525149538,1525171400,54,45,0,0,'2018-05-01 12:38:58','2018-05-01 18:43:20'),(471,1,2052,1525151865,1525160745,100,86,0,0,'2018-05-01 13:17:45','2018-05-01 15:45:45'),(472,15,315,1525156840,1525322281,76,64,0,0,'2018-05-01 14:40:40','2018-05-03 12:38:01'),(473,1,2053,1525160745,1525168307,100,95,0,0,'2018-05-01 15:45:45','2018-05-01 17:51:47'),(474,9,456,1525166702,1525241570,100,85,0,0,'2018-05-01 17:25:02','2018-05-02 14:12:50'),(475,1,2054,1525168307,1525174668,100,88,0,0,'2018-05-01 17:51:47','2018-05-01 19:37:48'),(476,16,578,1525171400,1525219019,120,104,0,0,'2018-05-01 18:43:20','2018-05-02 07:56:59'),(477,1,2055,1525174668,1525181817,100,92,0,0,'2018-05-01 19:37:48','2018-05-01 21:36:57'),(478,1,2056,1525181817,1525189421,100,91,0,0,'2018-05-01 21:36:57','2018-05-01 23:43:41'),(479,1,2057,1525189421,1525222425,100,88,0,0,'2018-05-01 23:43:41','2018-05-02 08:53:45'),(480,16,579,1525219019,1525221816,65,55,0,0,'2018-05-02 07:56:59','2018-05-02 08:43:36'),(481,16,580,1525221816,1525222657,18,17,0,0,'2018-05-02 08:43:36','2018-05-02 08:57:37'),(482,1,2058,1525222425,1525234331,100,90,0,0,'2018-05-02 08:53:45','2018-05-02 12:12:11'),(483,16,581,1525222657,1525225447,65,54,0,0,'2018-05-02 08:57:37','2018-05-02 09:44:07'),(484,16,582,1525225447,1525228621,65,55,0,0,'2018-05-02 09:44:07','2018-05-02 10:37:01'),(485,16,583,1525228621,1525232293,65,49,0,0,'2018-05-02 10:37:01','2018-05-02 11:38:13'),(486,16,584,1525232293,1525239131,65,50,0,0,'2018-05-02 11:38:13','2018-05-02 13:32:11'),(487,1,2059,1525234331,1525248550,98,89,0,0,'2018-05-02 12:12:11','2018-05-02 16:09:10'),(488,16,585,1525239131,1525250202,65,55,0,0,'2018-05-02 13:32:11','2018-05-02 16:36:42'),(489,9,457,1525241570,1525245813,47,38,0,0,'2018-05-02 14:12:50','2018-05-02 15:23:33'),(490,19,301,1525243119,1525259896,65,60,0,0,'2018-05-02 14:38:39','2018-05-02 19:18:16'),(491,9,458,1525245813,1525272282,100,82,0,0,'2018-05-02 15:23:33','2018-05-02 22:44:42'),(492,1,2060,1525248550,1525266904,100,90,0,0,'2018-05-02 16:09:10','2018-05-02 21:15:04'),(493,16,586,1525250202,1525262882,65,54,0,0,'2018-05-02 16:36:42','2018-05-02 20:08:02'),(494,15,55555,1525259439,0,21,21,0,0,'2018-05-02 19:10:39','2018-05-02 19:10:39'),(495,19,302,1525259896,1525261172,65,54,0,0,'2018-05-02 19:18:16','2018-05-02 19:39:32'),(496,19,303,1525261172,1525262331,65,56,0,0,'2018-05-02 19:39:32','2018-05-02 19:58:51'),(497,19,304,1525262331,1525263265,65,50,0,0,'2018-05-02 19:58:51','2018-05-02 20:14:25'),(498,16,587,1525262882,1525280219,100,91,0,0,'2018-05-02 20:08:02','2018-05-03 00:56:59'),(499,19,305,1525263265,1525264459,66,60,0,0,'2018-05-02 20:14:25','2018-05-02 20:34:19'),(500,19,306,1525264459,1525266014,65,59,0,0,'2018-05-02 20:34:19','2018-05-02 21:00:14'),(501,19,307,1525266014,1525266839,50,41,0,0,'2018-05-02 21:00:14','2018-05-02 21:13:59'),(502,19,308,1525266839,1525267866,42,36,0,0,'2018-05-02 21:13:59','2018-05-02 21:31:06'),(503,1,2061,1525266904,1525274013,100,92,0,0,'2018-05-02 21:15:04','2018-05-02 23:13:33'),(504,19,309,1525267866,1525268957,62,54,0,0,'2018-05-02 21:31:06','2018-05-02 21:49:17'),(505,19,310,1525268957,1525270422,65,51,0,0,'2018-05-02 21:49:17','2018-05-02 22:13:42'),(506,19,311,1525270422,1525272384,65,54,0,0,'2018-05-02 22:13:42','2018-05-02 22:46:24'),(507,16,588,1525270872,1525395947,76,62,0,0,'2018-05-02 22:21:12','2018-05-04 09:05:47'),(508,9,459,1525272282,1525325613,50,40,0,0,'2018-05-02 22:44:42','2018-05-03 13:33:33'),(509,19,312,1525272385,1525276140,65,50,0,0,'2018-05-02 22:46:25','2018-05-02 23:49:00'),(510,1,2062,1525274013,1525306274,100,89,0,0,'2018-05-02 23:13:33','2018-05-03 08:11:14'),(511,19,313,1525276140,1525299527,100,88,0,0,'2018-05-02 23:49:00','2018-05-03 06:18:47'),(512,19,314,1525299527,1525303832,65,61,0,0,'2018-05-03 06:18:47','2018-05-03 07:30:32'),(513,19,315,1525303832,1525308962,65,53,0,0,'2018-05-03 07:30:32','2018-05-03 08:56:02'),(514,20,301,1525304471,1525520439,113,102,0,0,'2018-05-03 07:41:11','2018-05-05 19:40:39'),(515,1,2063,1525306274,1525318932,100,85,0,0,'2018-05-03 08:11:14','2018-05-03 11:42:12'),(516,16,589,1525308580,1525311060,65,63,0,0,'2018-05-03 08:49:40','2018-05-03 09:31:00'),(517,19,316,1525308962,1525313451,65,52,0,0,'2018-05-03 08:56:02','2018-05-03 10:10:51'),(518,16,590,1525311060,1525313919,65,55,0,0,'2018-05-03 09:31:00','2018-05-03 10:18:39'),(519,19,317,1525313451,1525321767,65,55,0,0,'2018-05-03 10:10:51','2018-05-03 12:29:27'),(520,16,591,1525313919,1525317869,65,54,0,0,'2018-05-03 10:18:39','2018-05-03 11:24:29'),(521,11,436,1525314573,1525320198,0,0,0,0,'2018-05-03 10:29:33','2018-05-03 12:03:18'),(522,16,592,1525317869,1525321834,65,54,0,0,'2018-05-03 11:24:29','2018-05-03 12:30:34'),(523,1,2064,1525318932,1525350126,100,85,0,0,'2018-05-03 11:42:12','2018-05-03 20:22:06'),(524,19,318,1525321767,1525345114,65,50,0,0,'2018-05-03 12:29:27','2018-05-03 18:58:34'),(525,16,593,1525321834,1525326143,65,53,0,0,'2018-05-03 12:30:34','2018-05-03 13:42:23'),(526,9,2147483647,1525325613,1525325656,0,0,0,0,'2018-05-03 13:33:33','2018-05-03 13:34:16'),(527,9,2147483647,1525325618,1525325656,0,0,0,0,'2018-05-03 13:33:38','2018-05-03 13:34:16'),(528,9,700,1525325633,1525325636,0,0,0,0,'2018-05-03 13:33:53','2018-05-03 13:33:56'),(529,9,2147483647,1525325636,1525325656,0,0,0,0,'2018-05-03 13:33:56','2018-05-03 13:34:16'),(530,9,33333,1525325656,1525748943,456,383,0,0,'2018-05-03 13:34:16','2018-05-08 11:09:03'),(531,16,594,1525326143,1525329626,65,53,0,0,'2018-05-03 13:42:23','2018-05-03 14:40:26'),(532,21,301,1525326673,0,6,6,0,0,'2018-05-03 13:51:13','2018-05-03 13:51:13'),(533,16,595,1525329626,1525332741,65,54,0,0,'2018-05-03 14:40:26','2018-05-03 15:32:21'),(534,22,320,1525332018,1525350487,112,100,0,0,'2018-05-03 15:20:18','2018-05-03 20:28:07'),(535,16,596,1525332741,1525335969,65,55,0,0,'2018-05-03 15:32:21','2018-05-03 16:26:09'),(536,16,597,1525335969,1525339563,65,51,0,0,'2018-05-03 16:26:09','2018-05-03 17:26:03'),(537,16,598,1525339563,1525343191,65,55,0,0,'2018-05-03 17:26:03','2018-05-03 18:26:31'),(538,16,599,1525343191,1525349554,65,51,0,0,'2018-05-03 18:26:31','2018-05-03 20:12:34'),(539,19,319,1525345114,1525424634,81,65,0,0,'2018-05-03 18:58:34','2018-05-04 17:03:54'),(540,16,600,1525349554,1525355053,65,55,0,0,'2018-05-03 20:12:34','2018-05-03 21:44:13'),(541,1,2065,1525350126,1525380905,100,88,0,0,'2018-05-03 20:22:06','2018-05-04 04:55:05'),(542,22,321,1525350487,1525355751,120,100,0,0,'2018-05-03 20:28:07','2018-05-03 21:55:51'),(543,16,601,1525355053,1525365175,65,55,0,0,'2018-05-03 21:44:13','2018-05-04 00:32:55'),(544,22,322,1525355751,1525369551,100,78,0,0,'2018-05-03 21:55:51','2018-05-04 01:45:51'),(545,23,1001,1525357958,1525362917,1,1,0,0,'2018-05-03 22:32:38','2018-05-03 23:55:17'),(546,23,301,1525362917,1525433428,79,68,0,0,'2018-05-03 23:55:17','2018-05-04 19:30:28'),(547,16,602,1525365175,1525388577,31,29,0,0,'2018-05-04 00:32:55','2018-05-04 07:02:57'),(548,22,323,1525369551,1525388508,53,47,0,0,'2018-05-04 01:45:51','2018-05-04 07:01:48'),(549,1,2066,1525380905,1525402859,100,82,0,0,'2018-05-04 04:55:05','2018-05-04 11:00:59'),(550,22,324,1525388508,1525395107,43,40,0,0,'2018-05-04 07:01:48','2018-05-04 08:51:47'),(551,16,603,1525388577,1525417705,66,58,0,0,'2018-05-04 07:02:57','2018-05-04 15:08:25'),(552,9,460,1525392735,1525396609,58,47,0,0,'2018-05-04 08:12:15','2018-05-04 09:16:49'),(553,22,325,1525395107,1525395430,2,2,0,0,'2018-05-04 08:51:47','2018-05-04 08:57:10'),(554,22,326,1525395430,1525396852,10,7,0,0,'2018-05-04 08:57:10','2018-05-04 09:20:52'),(555,9,461,1525396609,1525396901,4,3,0,0,'2018-05-04 09:16:49','2018-05-04 09:21:41'),(556,22,327,1525396852,1525405949,63,52,0,0,'2018-05-04 09:20:52','2018-05-04 11:52:29'),(557,1,2067,1525402859,0,76,70,0,0,'2018-05-04 11:00:59','2018-05-04 11:00:59'),(558,22,328,1525405949,1525411407,65,52,0,0,'2018-05-04 11:52:29','2018-05-04 13:23:27'),(559,22,329,1525411407,1525441798,65,51,0,0,'2018-05-04 13:23:27','2018-05-04 21:49:58'),(560,16,604,1525417705,1525444593,65,56,0,0,'2018-05-04 15:08:25','2018-05-04 22:36:33'),(561,19,0,1525424634,1525424791,0,0,0,0,'2018-05-04 17:03:54','2018-05-04 17:06:31'),(562,19,88888,1525424791,1525425300,0,0,0,0,'2018-05-04 17:06:31','2018-05-04 17:15:00'),(563,19,301111,1525425300,0,28,23,0,0,'2018-05-04 17:15:00','2018-05-04 17:15:00'),(564,23,302,1525433428,1525435386,65,54,0,0,'2018-05-04 19:30:28','2018-05-04 20:03:06'),(565,23,303,1525435386,1525436974,65,60,0,0,'2018-05-04 20:03:06','2018-05-04 20:29:34'),(566,23,304,1525436974,1525438369,65,59,0,0,'2018-05-04 20:29:34','2018-05-04 20:52:49'),(567,23,305,1525438369,1525439084,30,26,0,0,'2018-05-04 20:52:49','2018-05-04 21:04:44'),(568,23,306,1525439084,1525440609,65,56,0,0,'2018-05-04 21:04:44','2018-05-04 21:30:09'),(569,23,307,1525440609,1525442399,120,101,0,0,'2018-05-04 21:30:09','2018-05-04 21:59:59'),(570,22,330,1525441798,1525468011,100,78,0,0,'2018-05-04 21:49:58','2018-05-05 05:06:51'),(571,23,308,1525442399,1525443974,114,90,0,0,'2018-05-04 21:59:59','2018-05-04 22:26:14'),(572,23,309,1525443974,1525445825,120,97,0,0,'2018-05-04 22:26:14','2018-05-04 22:57:05'),(573,16,605,1525444593,1525475944,9,8,0,0,'2018-05-04 22:36:33','2018-05-05 07:19:04'),(574,23,310,1525445825,1525450667,120,92,0,0,'2018-05-04 22:57:05','2018-05-05 00:17:47'),(575,23,311,1525450667,1525471834,100,82,0,0,'2018-05-05 00:17:47','2018-05-05 06:10:34'),(576,22,331,1525468011,1525477793,108,84,0,0,'2018-05-05 05:06:51','2018-05-05 07:49:53'),(577,23,312,1525471834,1525475087,65,54,0,0,'2018-05-05 06:10:34','2018-05-05 07:04:47'),(578,16,660,1525473352,1525477632,7,7,0,0,'2018-05-05 06:35:52','2018-05-05 07:47:12'),(579,23,313,1525475087,1525478792,60,53,0,0,'2018-05-05 07:04:47','2018-05-05 08:06:32'),(580,16,55555,1525477632,0,223,178,0,0,'2018-05-05 07:47:12','2018-05-05 07:47:12'),(581,22,332,1525477793,1525481674,110,101,0,0,'2018-05-05 07:49:53','2018-05-05 08:54:34'),(582,23,314,1525478792,1525486022,105,85,0,0,'2018-05-05 08:06:32','2018-05-05 10:07:02'),(583,22,333,1525481674,1525485816,110,86,0,0,'2018-05-05 08:54:34','2018-05-05 10:03:36'),(584,22,334,1525485816,1525490970,110,97,0,0,'2018-05-05 10:03:36','2018-05-05 11:29:30'),(585,23,315,1525486022,1525500008,120,97,0,0,'2018-05-05 10:07:02','2018-05-05 14:00:08'),(586,22,335,1525490970,1525498177,110,88,0,0,'2018-05-05 11:29:30','2018-05-05 13:29:37'),(587,22,336,1525498177,1525504543,66,48,0,0,'2018-05-05 13:29:37','2018-05-05 15:15:43'),(588,23,316,1525500008,1525518140,120,102,0,0,'2018-05-05 14:00:08','2018-05-05 19:02:20'),(589,22,337,1525503004,1525515782,100,75,0,0,'2018-05-05 14:50:04','2018-05-05 18:23:02'),(590,22,338,1525515782,1525547057,100,79,0,0,'2018-05-05 18:23:02','2018-05-06 03:04:17'),(591,20,302,1525517045,1525520206,120,100,0,0,'2018-05-05 18:44:05','2018-05-05 19:36:46'),(592,23,317,1525518140,1525529501,120,87,0,0,'2018-05-05 19:02:20','2018-05-05 22:11:41'),(593,20,303,1525520206,1525522374,120,106,0,0,'2018-05-05 19:36:46','2018-05-05 20:12:54'),(594,20,304,1525522374,1525523971,120,104,0,0,'2018-05-05 20:12:54','2018-05-05 20:39:31'),(595,20,305,1525523971,1525525280,116,100,0,0,'2018-05-05 20:39:31','2018-05-05 21:01:20'),(596,20,306,1525525280,1525526521,120,96,0,0,'2018-05-05 21:01:20','2018-05-05 21:22:01'),(597,20,307,1525526521,1525527813,120,107,0,0,'2018-05-05 21:22:01','2018-05-05 21:43:33'),(598,20,308,1525527813,1525528984,120,97,0,0,'2018-05-05 21:43:33','2018-05-05 22:03:04'),(599,20,309,1525528984,1525530223,120,101,0,0,'2018-05-05 22:03:04','2018-05-05 22:23:43'),(600,23,318,1525529501,1525534112,120,98,0,0,'2018-05-05 22:11:41','2018-05-05 23:28:32'),(601,20,310,1525530223,1525531392,115,100,0,0,'2018-05-05 22:23:43','2018-05-05 22:43:12'),(602,20,311,1525531392,1525532788,120,106,0,0,'2018-05-05 22:43:12','2018-05-05 23:06:28'),(603,20,312,1525532788,1525534606,117,104,0,0,'2018-05-05 23:06:28','2018-05-05 23:36:46'),(604,23,319,1525534112,1525561393,110,88,0,0,'2018-05-05 23:28:32','2018-05-06 07:03:13'),(605,20,313,1525534606,1525537531,115,101,0,0,'2018-05-05 23:36:46','2018-05-06 00:25:31'),(606,20,314,1525537531,1525553842,100,87,0,0,'2018-05-06 00:25:31','2018-05-06 04:57:22'),(607,22,339,1525547057,1525577170,110,83,0,0,'2018-05-06 03:04:17','2018-05-06 11:26:10'),(608,20,315,1525553842,1525559278,100,84,0,0,'2018-05-06 04:57:22','2018-05-06 06:27:58'),(609,20,316,1525559278,1525561256,100,85,0,0,'2018-05-06 06:27:58','2018-05-06 07:00:56'),(610,20,317,1525561256,1525563023,114,101,0,0,'2018-05-06 07:00:56','2018-05-06 07:30:23'),(611,23,320,1525561393,1525572855,120,102,0,0,'2018-05-06 07:03:13','2018-05-06 10:14:15'),(612,20,318,1525563023,1525564448,117,100,0,0,'2018-05-06 07:30:23','2018-05-06 07:54:08'),(613,20,319,1525564448,1525564710,19,17,0,0,'2018-05-06 07:54:08','2018-05-06 07:58:30'),(614,20,320,1525564710,1525566036,120,99,0,0,'2018-05-06 07:58:30','2018-05-06 08:20:36'),(615,20,321,1525566036,1525567314,115,101,0,0,'2018-05-06 08:20:36','2018-05-06 08:41:54'),(616,20,322,1525567314,1525568506,119,100,0,0,'2018-05-06 08:41:54','2018-05-06 09:01:46'),(617,20,323,1525568506,1525569596,120,101,0,0,'2018-05-06 09:01:46','2018-05-06 09:19:56'),(618,20,324,1525569596,1525570846,92,81,0,0,'2018-05-06 09:19:56','2018-05-06 09:40:46'),(619,20,325,1525570846,1525572633,120,98,0,0,'2018-05-06 09:40:46','2018-05-06 10:10:33'),(620,20,326,1525572633,1525574222,94,80,0,0,'2018-05-06 10:10:33','2018-05-06 10:37:02'),(621,23,321,1525572855,1525589803,106,76,0,0,'2018-05-06 10:14:15','2018-05-06 14:56:43'),(622,20,327,1525574222,1525579009,111,99,0,0,'2018-05-06 10:37:02','2018-05-06 11:56:49'),(623,20,328,1525576396,1525579010,112,97,0,0,'2018-05-06 11:13:16','2018-05-06 11:56:50'),(624,22,340,1525577170,0,84,72,0,0,'2018-05-06 11:26:10','2018-05-06 11:26:10'),(625,20,329,1525577695,1525579013,117,100,0,0,'2018-05-06 11:34:55','2018-05-06 11:56:53'),(626,20,330,1525579001,1525580123,104,86,0,0,'2018-05-06 11:56:41','2018-05-06 12:15:23'),(627,20,331,1525580123,1525581106,93,83,0,0,'2018-05-06 12:15:23','2018-05-06 12:31:46'),(628,20,332,1525581106,1525582423,110,97,0,0,'2018-05-06 12:31:46','2018-05-06 12:53:43'),(629,20,333,1525582423,1525583424,110,91,0,0,'2018-05-06 12:53:43','2018-05-06 13:10:24'),(630,20,334,1525583424,1525584549,110,98,0,0,'2018-05-06 13:10:24','2018-05-06 13:29:09'),(631,20,335,1525584549,1525585377,102,92,0,0,'2018-05-06 13:29:09','2018-05-06 13:42:57'),(632,20,336,1525585377,1525586368,100,82,0,0,'2018-05-06 13:42:57','2018-05-06 13:59:28'),(633,20,337,1525586368,1525587500,97,92,0,0,'2018-05-06 13:59:28','2018-05-06 14:18:20'),(634,20,338,1525587500,1525588639,100,88,0,0,'2018-05-06 14:18:20','2018-05-06 14:37:19'),(635,20,339,1525588639,1525589738,108,88,0,0,'2018-05-06 14:37:19','2018-05-06 14:55:38'),(636,20,340,1525589738,1525590677,105,96,0,0,'2018-05-06 14:55:38','2018-05-06 15:11:17'),(637,23,322,1525589803,1525594816,95,61,0,0,'2018-05-06 14:56:43','2018-05-06 16:20:16'),(638,20,341,1525590677,1525591247,57,51,0,0,'2018-05-06 15:11:17','2018-05-06 15:20:47'),(639,20,342,1525591247,1525592200,110,89,0,0,'2018-05-06 15:20:47','2018-05-06 15:36:40'),(640,20,343,1525592200,1525593221,101,84,0,0,'2018-05-06 15:36:40','2018-05-06 15:53:41'),(641,24,301,1525592905,1525603660,84,71,0,0,'2018-05-06 15:48:25','2018-05-06 18:47:40'),(642,20,344,1525593221,1525594534,106,93,0,0,'2018-05-06 15:53:41','2018-05-06 16:15:34'),(643,20,345,1525594534,1525595718,103,88,0,0,'2018-05-06 16:15:34','2018-05-06 16:35:18'),(644,23,323,1525594816,0,91,57,0,0,'2018-05-06 16:20:16','2018-05-06 16:20:16'),(645,20,346,1525595718,1525597022,110,94,0,0,'2018-05-06 16:35:18','2018-05-06 16:57:02'),(646,20,347,1525597022,1525598422,108,88,0,0,'2018-05-06 16:57:02','2018-05-06 17:20:22'),(647,20,348,1525598422,1525600213,110,87,0,0,'2018-05-06 17:20:22','2018-05-06 17:50:13'),(648,20,349,1525600213,1525602007,109,92,0,0,'2018-05-06 17:50:13','2018-05-06 18:20:07'),(649,20,350,1525602007,1525603757,94,83,0,0,'2018-05-06 18:20:07','2018-05-06 18:49:17'),(650,24,302,1525603660,1525605791,63,44,0,0,'2018-05-06 18:47:40','2018-05-06 19:23:11'),(651,20,351,1525603757,1525605837,110,88,0,0,'2018-05-06 18:49:17','2018-05-06 19:23:57'),(652,24,303,1525605791,1525607109,65,50,0,0,'2018-05-06 19:23:11','2018-05-06 19:45:09'),(653,20,352,1525605837,1525607598,110,96,0,0,'2018-05-06 19:23:57','2018-05-06 19:53:18'),(654,24,304,1525607109,1525607966,65,52,0,0,'2018-05-06 19:45:09','2018-05-06 19:59:26'),(655,20,353,1525607598,1525609392,110,95,0,0,'2018-05-06 19:53:18','2018-05-06 20:23:12'),(656,24,305,1525607966,1525608860,65,53,0,0,'2018-05-06 19:59:26','2018-05-06 20:14:20'),(657,24,306,1525608860,1525609476,73,62,0,0,'2018-05-06 20:14:20','2018-05-06 20:24:36'),(658,20,354,1525609392,1525611098,110,95,0,0,'2018-05-06 20:23:12','2018-05-06 20:51:38'),(659,24,307,1525609476,1525609975,65,55,0,0,'2018-05-06 20:24:36','2018-05-06 20:32:55'),(660,24,308,1525609975,1525610543,65,49,0,0,'2018-05-06 20:32:55','2018-05-06 20:42:23'),(661,24,309,1525610543,1525611046,65,55,0,0,'2018-05-06 20:42:23','2018-05-06 20:50:46'),(662,24,310,1525611046,1525611644,65,55,0,0,'2018-05-06 20:50:46','2018-05-06 21:00:44'),(663,20,355,1525611098,1525612479,110,99,0,0,'2018-05-06 20:51:38','2018-05-06 21:14:39'),(664,24,311,1525611644,1525612120,60,52,0,0,'2018-05-06 21:00:44','2018-05-06 21:08:40'),(665,24,312,1525612120,1525612504,65,55,0,0,'2018-05-06 21:08:40','2018-05-06 21:15:04'),(666,20,356,1525612479,1525613498,110,92,0,0,'2018-05-06 21:14:39','2018-05-06 21:31:38'),(667,24,313,1525612504,1525612966,65,50,0,0,'2018-05-06 21:15:04','2018-05-06 21:22:46'),(668,24,314,1525612966,1525613555,65,52,0,0,'2018-05-06 21:22:46','2018-05-06 21:32:35'),(669,20,357,1525613498,1525614681,110,94,0,0,'2018-05-06 21:31:38','2018-05-06 21:51:21'),(670,24,315,1525613555,1525613999,65,54,0,0,'2018-05-06 21:32:35','2018-05-06 21:39:59'),(671,24,316,1525613999,1525614572,66,55,0,0,'2018-05-06 21:39:59','2018-05-06 21:49:32'),(672,24,317,1525614572,1525616719,61,50,0,0,'2018-05-06 21:49:32','2018-05-06 22:25:19'),(673,20,358,1525614681,1525615773,102,89,0,0,'2018-05-06 21:51:21','2018-05-06 22:09:33'),(674,24,318,1525615123,1525615679,65,59,0,0,'2018-05-06 21:58:43','2018-05-06 22:07:59'),(675,24,319,1525615679,1525616294,65,54,0,0,'2018-05-06 22:07:59','2018-05-06 22:18:14'),(676,20,359,1525615773,1525616618,97,86,0,0,'2018-05-06 22:09:33','2018-05-06 22:23:38'),(677,24,320,1525616294,1525616927,65,55,0,0,'2018-05-06 22:18:14','2018-05-06 22:28:47'),(678,20,360,1525616618,1525617717,103,88,0,0,'2018-05-06 22:23:38','2018-05-06 22:41:57'),(679,24,321,1525616927,1525617518,65,52,0,0,'2018-05-06 22:28:47','2018-05-06 22:38:38'),(680,24,322,1525617518,1525618284,65,48,0,0,'2018-05-06 22:38:38','2018-05-06 22:51:24'),(681,20,361,1525617717,1525618838,109,93,0,0,'2018-05-06 22:41:57','2018-05-06 23:00:38'),(682,24,323,1525618284,1525618990,65,55,0,0,'2018-05-06 22:51:24','2018-05-06 23:03:10'),(683,20,362,1525618838,1525619818,109,90,0,0,'2018-05-06 23:00:38','2018-05-06 23:16:58'),(684,24,324,1525618990,1525619746,65,57,0,0,'2018-05-06 23:03:10','2018-05-06 23:15:46'),(685,24,325,1525619746,1525621466,100,85,0,0,'2018-05-06 23:15:46','2018-05-06 23:44:26'),(686,20,363,1525619818,1525621184,110,103,0,0,'2018-05-06 23:16:58','2018-05-06 23:39:44'),(687,20,364,1525621184,1525624062,100,77,0,0,'2018-05-06 23:39:44','2018-05-07 00:27:42'),(688,24,326,1525621466,1525625087,100,72,0,0,'2018-05-06 23:44:26','2018-05-07 00:44:47'),(689,20,365,1525624062,1525639456,100,85,0,0,'2018-05-07 00:27:42','2018-05-07 04:44:16'),(690,24,327,1525625087,1525642033,100,78,0,0,'2018-05-07 00:44:47','2018-05-07 05:27:13'),(691,20,366,1525639456,1525645002,100,86,0,0,'2018-05-07 04:44:16','2018-05-07 06:16:42'),(692,24,328,1525642033,1525645858,100,82,0,0,'2018-05-07 05:27:13','2018-05-07 06:30:58'),(693,20,367,1525645002,1525647533,107,95,0,0,'2018-05-07 06:16:42','2018-05-07 06:58:53'),(694,24,329,1525645858,1525648188,120,100,0,0,'2018-05-07 06:30:58','2018-05-07 07:09:48'),(695,20,368,1525647342,1525648959,110,101,0,0,'2018-05-07 06:55:42','2018-05-07 07:22:39'),(696,24,330,1525648188,1525649372,65,56,0,0,'2018-05-07 07:09:48','2018-05-07 07:29:32'),(697,20,369,1525648959,1525650421,108,92,0,0,'2018-05-07 07:22:39','2018-05-07 07:47:01'),(698,24,331,1525649372,1525650891,65,53,0,0,'2018-05-07 07:29:32','2018-05-07 07:54:51'),(699,20,370,1525650421,1525651791,110,92,0,0,'2018-05-07 07:47:01','2018-05-07 08:09:51'),(700,24,332,1525650891,1525652113,65,47,0,0,'2018-05-07 07:54:51','2018-05-07 08:15:13'),(701,20,371,1525651791,1525653497,110,90,0,0,'2018-05-07 08:09:51','2018-05-07 08:38:17'),(702,24,333,1525652113,1525653013,65,56,0,0,'2018-05-07 08:15:13','2018-05-07 08:30:13'),(703,24,334,1525653013,1525654246,65,54,0,0,'2018-05-07 08:30:13','2018-05-07 08:50:46'),(704,20,372,1525653497,1525655230,110,93,0,0,'2018-05-07 08:38:17','2018-05-07 09:07:10'),(705,24,335,1525654246,1525656151,58,46,0,0,'2018-05-07 08:50:46','2018-05-07 09:22:31'),(706,20,373,1525655230,1525656656,107,95,0,0,'2018-05-07 09:07:10','2018-05-07 09:30:56'),(707,24,336,1525656151,1525658017,56,48,0,0,'2018-05-07 09:22:31','2018-05-07 09:53:37'),(708,20,374,1525656656,1525658018,100,90,0,0,'2018-05-07 09:30:56','2018-05-07 09:53:38'),(709,24,337,1525658017,1525659584,65,50,0,0,'2018-05-07 09:53:37','2018-05-07 10:19:44'),(710,20,375,1525658018,1525658343,23,18,0,0,'2018-05-07 09:53:38','2018-05-07 09:59:03'),(711,20,376,1525658343,1525660324,100,82,0,0,'2018-05-07 09:59:03','2018-05-07 10:32:04'),(712,24,338,1525659584,1525661264,45,33,0,0,'2018-05-07 10:19:44','2018-05-07 10:47:44'),(713,20,377,1525660324,1525661841,100,80,0,0,'2018-05-07 10:32:04','2018-05-07 10:57:21'),(714,24,339,1525661264,1525662510,42,32,0,0,'2018-05-07 10:47:44','2018-05-07 11:08:30'),(715,25,1001,1525661400,1525661546,0,0,0,0,'2018-05-07 10:50:00','2018-05-07 10:52:26'),(716,25,301,1525661546,1525675303,120,98,0,0,'2018-05-07 10:52:26','2018-05-07 14:41:43'),(717,20,378,1525661841,1525663881,100,87,0,0,'2018-05-07 10:57:21','2018-05-07 11:31:21'),(718,24,341,1525662510,1525671149,100,85,0,0,'2018-05-07 11:08:30','2018-05-07 13:32:29'),(719,24,340,1525662514,1525667412,100,81,0,0,'2018-05-07 11:08:34','2018-05-07 12:30:12'),(720,20,379,1525663881,1525698327,101,81,0,0,'2018-05-07 11:31:21','2018-05-07 21:05:27'),(721,20,380,1525665825,1525673088,120,99,0,0,'2018-05-07 12:03:45','2018-05-07 14:04:48'),(722,20,381,1525667122,1525673315,120,96,0,0,'2018-05-07 12:25:22','2018-05-07 14:08:35'),(723,20,382,1525668988,1525673440,115,98,0,0,'2018-05-07 12:56:28','2018-05-07 14:10:40'),(724,24,342,1525671146,1525677679,120,104,0,0,'2018-05-07 13:32:26','2018-05-07 15:21:19'),(725,20,383,1525671264,1525674874,118,95,0,0,'2018-05-07 13:34:24','2018-05-07 14:34:34'),(726,20,384,1525674874,1525678217,118,90,0,0,'2018-05-07 14:34:34','2018-05-07 15:30:17'),(727,25,302,1525675303,1525685984,50,3,0,0,'2018-05-07 14:41:43','2018-05-07 17:39:44'),(728,24,343,1525677679,1525695755,120,100,0,0,'2018-05-07 15:21:19','2018-05-07 20:22:35'),(729,20,385,1525678217,1525681601,110,93,0,0,'2018-05-07 15:30:17','2018-05-07 16:26:41'),(730,20,386,1525681601,1525685157,110,92,0,0,'2018-05-07 16:26:41','2018-05-07 17:25:57'),(731,20,387,1525685157,1525688057,110,93,0,0,'2018-05-07 17:25:57','2018-05-07 18:14:17'),(732,25,303,1525685984,1525707370,120,97,0,0,'2018-05-07 17:39:44','2018-05-07 23:36:10'),(733,20,388,1525688057,1525690441,109,85,0,0,'2018-05-07 18:14:17','2018-05-07 18:54:01'),(734,20,389,1525690441,1525693352,110,92,0,0,'2018-05-07 18:54:01','2018-05-07 19:42:32'),(735,20,390,1525693352,1525695702,110,91,0,0,'2018-05-07 19:42:32','2018-05-07 20:21:42'),(736,20,391,1525695702,1525697023,110,90,0,0,'2018-05-07 20:21:42','2018-05-07 20:43:43'),(737,24,344,1525695755,1525701056,120,107,0,0,'2018-05-07 20:22:35','2018-05-07 21:50:56'),(738,20,392,1525697023,1525698252,105,89,0,0,'2018-05-07 20:43:43','2018-05-07 21:04:12'),(739,20,393,1525698252,1525699939,108,90,0,0,'2018-05-07 21:04:12','2018-05-07 21:32:19'),(740,20,394,1525699939,1525701061,110,78,0,0,'2018-05-07 21:32:19','2018-05-07 21:51:01'),(741,24,345,1525701056,1525704333,120,95,0,0,'2018-05-07 21:50:56','2018-05-07 22:45:33'),(742,20,395,1525701061,1525702368,110,91,0,0,'2018-05-07 21:51:01','2018-05-07 22:12:48'),(743,20,396,1525702368,1525703863,110,91,0,0,'2018-05-07 22:12:48','2018-05-07 22:37:43'),(744,20,397,1525703863,1525705369,110,90,0,0,'2018-05-07 22:37:43','2018-05-07 23:02:49'),(745,24,346,1525704333,1525708652,120,100,0,0,'2018-05-07 22:45:33','2018-05-07 23:57:32'),(746,20,398,1525705369,1525707567,110,93,0,0,'2018-05-07 23:02:49','2018-05-07 23:39:27'),(747,25,304,1525707370,1525741143,119,100,0,0,'2018-05-07 23:36:10','2018-05-08 08:59:03'),(748,20,399,1525707567,1525726459,100,80,0,0,'2018-05-07 23:39:27','2018-05-08 04:54:19'),(749,24,347,1525708652,1525734547,110,93,0,0,'2018-05-07 23:57:32','2018-05-08 07:09:07'),(750,20,400,1525726459,1525730653,100,83,0,0,'2018-05-08 04:54:19','2018-05-08 06:04:13'),(751,20,401,1525730653,1525734294,110,85,0,0,'2018-05-08 06:04:13','2018-05-08 07:04:54'),(752,20,402,1525732551,1525737259,54,41,0,0,'2018-05-08 06:35:51','2018-05-08 07:54:19'),(753,24,348,1525734547,1525738400,65,56,0,0,'2018-05-08 07:09:07','2018-05-08 08:13:20'),(754,20,403,1525735315,1525737169,110,83,0,0,'2018-05-08 07:21:55','2018-05-08 07:52:49'),(755,20,404,1525737169,1525738820,120,93,0,0,'2018-05-08 07:52:49','2018-05-08 08:20:20'),(756,24,349,1525738400,1525748021,117,100,0,0,'2018-05-08 08:13:20','2018-05-08 10:53:41'),(757,20,405,1525738820,1525740726,120,93,0,0,'2018-05-08 08:20:20','2018-05-08 08:52:06'),(758,20,406,1525740726,1525743461,120,99,0,0,'2018-05-08 08:52:06','2018-05-08 09:37:41'),(759,25,305,1525741143,1525767248,115,100,0,0,'2018-05-08 08:59:03','2018-05-08 16:14:08'),(760,20,407,1525743461,1525745947,113,94,0,0,'2018-05-08 09:37:41','2018-05-08 10:19:07'),(761,20,408,1525745947,1525748765,107,87,0,0,'2018-05-08 10:19:07','2018-05-08 11:06:05'),(762,24,350,1525748021,1525763033,120,94,0,0,'2018-05-08 10:53:41','2018-05-08 15:03:53'),(763,20,409,1525748765,1525752381,98,79,0,0,'2018-05-08 11:06:05','2018-05-08 12:06:21'),(764,20,410,1525752381,1525755585,120,92,0,0,'2018-05-08 12:06:21','2018-05-08 12:59:45'),(765,20,411,1525755585,1525761386,120,96,0,0,'2018-05-08 12:59:45','2018-05-08 14:36:26'),(766,20,412,1525761386,1525769089,120,92,0,0,'2018-05-08 14:36:26','2018-05-08 16:44:49'),(767,26,451,1525762254,1525778712,65,48,0,0,'2018-05-08 14:50:54','2018-05-08 19:25:12'),(768,24,351,1525763033,1525775079,78,65,0,0,'2018-05-08 15:03:53','2018-05-08 18:24:39'),(769,25,306,1525767248,1525804995,120,96,0,0,'2018-05-08 16:14:08','2018-05-09 02:43:15'),(770,20,413,1525769089,1525776325,120,97,0,0,'2018-05-08 16:44:49','2018-05-08 18:45:25'),(771,24,352,1525775079,1525793160,120,98,0,0,'2018-05-08 18:24:39','2018-05-08 23:26:00'),(772,20,414,1525776325,1525781908,120,98,0,0,'2018-05-08 18:45:25','2018-05-08 20:18:28'),(773,26,452,1525778712,1525784954,65,46,0,0,'2018-05-08 19:25:12','2018-05-08 21:09:14'),(774,20,415,1525781908,0,19,14,0,0,'2018-05-08 20:18:28','2018-05-08 20:18:28'),(775,26,453,1525784954,1525787338,65,55,0,0,'2018-05-08 21:09:14','2018-05-08 21:48:58'),(776,26,454,1525787338,1525789052,65,55,0,0,'2018-05-08 21:48:58','2018-05-08 22:17:32'),(777,26,455,1525789052,1525790255,65,55,0,0,'2018-05-08 22:17:32','2018-05-08 22:37:35'),(778,26,456,1525790255,1525791955,65,55,0,0,'2018-05-08 22:37:35','2018-05-08 23:05:55'),(779,26,457,1525791955,1525796865,65,53,0,0,'2018-05-08 23:05:55','2018-05-09 00:27:45'),(780,24,353,1525793160,1525819053,100,86,0,0,'2018-05-08 23:26:00','2018-05-09 06:37:33'),(781,26,458,1525796865,1525821842,94,74,0,0,'2018-05-09 00:27:45','2018-05-09 07:24:02'),(782,25,307,1525804995,1525858190,116,100,0,0,'2018-05-09 02:43:15','2018-05-09 17:29:50'),(783,24,354,1525819053,1525825558,120,99,0,0,'2018-05-09 06:37:33','2018-05-09 08:25:58'),(784,26,459,1525821842,1525826774,39,32,0,0,'2018-05-09 07:24:02','2018-05-09 08:46:14'),(785,24,355,1525825558,1525829573,120,92,0,0,'2018-05-09 08:25:58','2018-05-09 09:32:53'),(786,26,460,1525826774,1525832437,65,54,0,0,'2018-05-09 08:46:14','2018-05-09 10:20:37'),(787,24,356,1525829573,1525837352,120,91,0,0,'2018-05-09 09:32:53','2018-05-09 11:42:32'),(788,26,461,1525832437,1525844406,65,52,0,0,'2018-05-09 10:20:37','2018-05-09 13:40:06'),(789,24,357,1525837352,1525850316,120,98,0,0,'2018-05-09 11:42:32','2018-05-09 15:18:36'),(790,26,462,1525844406,1525861073,45,36,0,0,'2018-05-09 13:40:06','2018-05-09 18:17:53'),(791,24,358,1525850316,1525868897,116,100,0,0,'2018-05-09 15:18:36','2018-05-09 20:28:17'),(792,25,308,1525858190,1525936375,120,90,0,0,'2018-05-09 17:29:50','2018-05-10 15:12:55'),(793,26,5555,1525861073,0,158,127,0,0,'2018-05-09 18:17:53','2018-05-09 18:17:53'),(794,24,359,1525868897,1527064441,114,100,0,0,'2018-05-09 20:28:17','2018-05-23 16:34:01'),(795,25,309,1525936375,1526080016,120,99,0,0,'2018-05-10 15:12:55','2018-05-12 07:06:56'),(796,25,310,1526080016,1526293444,120,100,0,0,'2018-05-12 07:06:56','2018-05-14 18:24:04'),(797,25,311,1526293444,1526497483,115,100,0,0,'2018-05-14 18:24:04','2018-05-17 03:04:43'),(798,25,312,1526497483,1526997530,120,98,0,0,'2018-05-17 03:04:43','2018-05-22 21:58:50'),(799,25,313,1526997530,1527515519,120,97,0,0,'2018-05-22 21:58:50','2018-05-28 21:51:59'),(800,24,360,1527064441,0,18,10,0,0,'2018-05-23 16:34:01','2018-05-23 16:34:01'),(801,25,314,1527515519,1528325870,120,86,0,0,'2018-05-28 21:51:59','2018-06-07 06:57:50'),(802,25,315,1528325870,1528504390,116,100,0,0,'2018-06-07 06:57:50','2018-06-09 08:33:10'),(803,25,316,1528504390,0,58,49,0,0,'2018-06-09 08:33:10','2018-06-09 08:33:10'),(804,27,1001,1528710644,0,5,3,0,0,'2018-06-11 17:50:44','2018-06-11 17:50:44');

/*Table structure for table `zl_qun_hosts` */

DROP TABLE IF EXISTS `zl_qun_hosts`;

CREATE TABLE `zl_qun_hosts` (
  `id` int(11) NOT NULL AUTO_INCREMENT,
  `name` varchar(100) NOT NULL,
  `type` varchar(3) NOT NULL,
  `remark` varchar(255) DEFAULT NULL,
  `status` tinyint(1) NOT NULL DEFAULT '1',
  `create_time` timestamp NULL DEFAULT NULL,
  `update_time` timestamp NULL DEFAULT NULL ON UPDATE CURRENT_TIMESTAMP,
  PRIMARY KEY (`id`),
  UNIQUE KEY `name` (`name`) USING BTREE
) ENGINE=InnoDB AUTO_INCREMENT=3 DEFAULT CHARSET=utf8mb4 ROW_FORMAT=DYNAMIC;

/*Data for the table `zl_qun_hosts` */

insert  into `zl_qun_hosts`(`id`,`name`,`type`,`remark`,`status`,`create_time`,`update_time`) values (1,'huod.zclxuan.cn','301','重定向域名',1,'2018-04-19 14:39:19','2018-04-19 14:39:19'),(2,'huod.yingpxz.cn','200','落地域名',1,'2018-04-19 14:39:38','2018-04-19 14:39:38');

/*Table structure for table `zl_qun_rukou` */

DROP TABLE IF EXISTS `zl_qun_rukou`;

CREATE TABLE `zl_qun_rukou` (
  `id` int(11) NOT NULL AUTO_INCREMENT,
  `qun_id` int(11) NOT NULL,
  `host301` varchar(150) NOT NULL,
  `host200` varchar(150) NOT NULL,
  `rukou` varchar(10) NOT NULL,
  `status` tinyint(1) NOT NULL DEFAULT '1',
  `create_time` timestamp NULL DEFAULT NULL,
  `update_time` timestamp NULL DEFAULT NULL ON UPDATE CURRENT_TIMESTAMP,
  `shunturl` varchar(255) NOT NULL,
  `shuntnum` int(11) NOT NULL DEFAULT '0',
  PRIMARY KEY (`id`),
  KEY `qun_id` (`qun_id`) USING BTREE
) ENGINE=InnoDB AUTO_INCREMENT=1219 DEFAULT CHARSET=utf8mb4 ROW_FORMAT=DYNAMIC;

/*Data for the table `zl_qun_rukou` */

insert  into `zl_qun_rukou`(`id`,`qun_id`,`host301`,`host200`,`rukou`,`status`,`create_time`,`update_time`,`shunturl`,`shuntnum`) values (2,2,'huod.zclxuan.cn','huod.yingpxz.cn','1djhdj',1,'2018-04-19 19:23:19','2018-04-19 19:23:19','',0),(3,3,'huod.zclxuan.cn','huod.yingpxz.cn','1fasfjaf',1,'2018-04-19 20:19:44','2018-04-19 20:19:44','',0),(4,3,'huod.zclxuan.cn','huod.yingpxz.cn','2sadadas',1,'2018-04-19 20:19:51','2018-04-19 20:19:51','',0),(5,4,'huod.zclxuan.cn','huod.yingpxz.cn','1dsfsf',0,'2018-04-19 20:27:32','2018-04-26 21:02:51','http://huod.yingpxz.cn/shequn/index/index/i/17e887a068b6edb4/r/1ghjfd.html',0),(6,4,'huod.zclxuan.cn','huod.yingpxz.cn','2dadhhhf',0,'2018-04-19 20:27:42','2018-04-26 21:02:10','http://huod.yingpxz.cn/shequn/index/index/i/17e887a068b6edb4/r/1ghjfd.html',0),(7,4,'huod.zclxuan.cn','huod.yingpxz.cn','3fgfsdf',0,'2018-04-19 21:57:24','2018-04-26 21:02:23','http://huod.yingpxz.cn/shequn/index/index/i/17e887a068b6edb4/r/1ghjfd.html',0),(8,4,'huod.zclxuan.cn','huod.yingpxz.cn','4csfsdf',1,'2018-04-19 21:58:36','2018-04-19 21:58:36','',0),(9,5,'huod.zclxuan.cn','huod.yingpxz.cn','1kjdngkjak',0,'2018-04-19 22:14:17','2018-04-26 21:30:46','http://huod.yingpxz.cn/shequn/index/index/i/17e887a068b6edb4/r/1ghjfd.html',0),(10,5,'huod.zclxuan.cn','huod.yingpxz.cn','2bkaghbgka',0,'2018-04-19 22:15:24','2018-04-26 21:30:50','http://huod.yingpxz.cn/shequn/index/index/i/17e887a068b6edb4/r/1ghjfd.html',0),(11,5,'huod.zclxuan.cn','huod.yingpxz.cn','3kjahguhgq',0,'2018-04-19 22:15:35','2018-04-26 21:30:54','http://huod.yingpxz.cn/shequn/index/index/i/17e887a068b6edb4/r/1ghjfd.html',0),(12,5,'huod.zclxuan.cn','huod.yingpxz.cn','4dkgdaugha',0,'2018-04-19 22:52:50','2018-04-26 21:30:57','http://huod.yingpxz.cn/shequn/index/index/i/17e887a068b6edb4/r/1ghjfd.html',0),(13,5,'huod.zclxuan.cn','huod.yingpxz.cn','5auehfughb',0,'2018-04-19 22:54:31','2018-04-26 21:31:01','http://huod.yingpxz.cn/shequn/index/index/i/17e887a068b6edb4/r/1ghjfd.html',0),(14,5,'huod.zclxuan.cn','huod.yingpxz.cn','6dbgkjadga',0,'2018-04-19 22:54:47','2018-04-26 21:32:09','http://huod.yingpxz.cn/shequn/index/index/i/17e887a068b6edb4/r/1ghjfd.html',0),(15,5,'huod.zclxuan.cn','huod.yingpxz.cn','7kjasnfkjb',0,'2018-04-19 22:54:57','2018-04-26 21:32:11','http://huod.yingpxz.cn/shequn/index/index/i/17e887a068b6edb4/r/1ghjfd.html',0);

/*Table structure for table `zl_qun_user` */

DROP TABLE IF EXISTS `zl_qun_user`;

CREATE TABLE `zl_qun_user` (
  `id` int(11) NOT NULL AUTO_INCREMENT,
  `openid` varchar(28) NOT NULL,
  `nickname` varchar(255) CHARACTER SET utf8mb4 DEFAULT NULL,
  `headimgurl` varchar(255) DEFAULT NULL,
  `ip` varchar(100) DEFAULT NULL,
  `ip2` varchar(100) DEFAULT NULL,
  `area` varchar(50) DEFAULT NULL,
  `ua` varchar(255) DEFAULT NULL,
  `rukou` varchar(10) DEFAULT NULL,
  `qun_id` tinyint(4) NOT NULL DEFAULT '0',
  `ewm_id` int(11) NOT NULL DEFAULT '0' COMMENT '二维码id',
  `opens` int(11) NOT NULL DEFAULT '0' COMMENT '打开次数',
  `touchs` int(11) NOT NULL DEFAULT '0' COMMENT '长按次数',
  `black` int(11) NOT NULL DEFAULT '0',
  `blackip` int(11) DEFAULT NULL,
  `create_time` timestamp NULL DEFAULT NULL,
  `update_time` timestamp NULL DEFAULT NULL ON UPDATE CURRENT_TIMESTAMP,
  PRIMARY KEY (`id`),
  KEY `qunid_openid` (`openid`,`qun_id`) USING BTREE,
  KEY `qunid_ewmid` (`qun_id`,`ewm_id`) USING BTREE,
  KEY `openid` (`openid`) USING BTREE,
  KEY `qunid_ewmid_openid` (`openid`,`qun_id`,`ewm_id`) USING BTREE,
  KEY `ip` (`ip`) USING BTREE,
  KEY `ip2` (`ip2`) USING BTREE
) ENGINE=InnoDB AUTO_INCREMENT=71583 DEFAULT CHARSET=utf8;

/*Data for the table `zl_qun_user` */

insert  into `zl_qun_user`(`id`,`openid`,`nickname`,`headimgurl`,`ip`,`ip2`,`area`,`ua`,`rukou`,`qun_id`,`ewm_id`,`opens`,`touchs`,`black`,`blackip`,`create_time`,`update_time`) values (1,'ohP7Pt1tkeQntWgeu0apmNHS_E0Q','','','14.127.250.141',NULL,'深圳','Mozilla/5.0 (Linux; Android 7.1.2; Redmi 4X Build/N2G47H; wv) AppleWebKit/537.36 (KHTML, like Gecko) Version/4.0 Chrome/57.0.2987.132 MQQBrowser/6.2 TBS/044028 Mobile Safari/537.36 MicroMessenger/6.6.6.1300(0x26060634) NetType/WIFI Language/zh_CN','1hfdjskj',1,1250,41,41,0,NULL,'2018-04-19 17:32:31','2018-04-28 10:38:23'),(2,'ohP7Pt40BNx1SDuvae3wM1TAdnRA','','','14.127.250.141',NULL,'深圳','Mozilla/5.0 (iPhone; CPU iPhone OS 11_3 like Mac OS X) AppleWebKit/605.1.15 (KHTML, like Gecko) Mobile/15E216 MicroMessenger/6.6.6 NetType/WIFI Language/zh_CN','1hfdjskj',1,1250,11,20,0,NULL,'2018-04-19 17:33:02','2018-04-19 19:19:19'),(3,'ohP7Ptxdjyvq8JSu25-uxQcOywRE','','','112.97.55.236',NULL,'深圳','Mozilla/5.0 (iPhone; CPU iPhone OS 8_4_1 like Mac OS X) AppleWebKit/600.1.4 (KHTML, like Gecko) Mobile/12H321 MicroMessenger/6.6.5 NetType/WIFI Language/zh_CN','1hfdjskj',1,1250,7,11,0,NULL,'2018-04-19 18:20:52','2018-04-29 00:31:28'),(4,'ohP7Pt-D_NZBd-5xEzUZoIJVICik','','','14.127.250.141',NULL,'深圳','Mozilla/5.0 (iPhone; CPU iPhone OS 11_1_2 like Mac OS X) AppleWebKit/604.3.5 (KHTML, like Gecko) Mobile/15B202 MicroMessenger/6.6.6 NetType/WIFI Language/zh_CN','1djhdj',2,1250,2,3,0,NULL,'2018-04-19 19:24:11','2018-04-19 19:25:11'),(5,'ohP7Pt40BNx1SDuvae3wM1TAdnRA','','','14.127.250.141',NULL,'深圳','Mozilla/5.0 (iPhone; CPU iPhone OS 11_3 like Mac OS X) AppleWebKit/605.1.15 (KHTML, like Gecko) Mobile/15E216 MicroMessenger/6.6.6 NetType/WIFI Language/zh_CN','1djhdj',2,1250,1,1,0,NULL,'2018-04-19 19:28:02','2018-04-19 19:28:04'),(6,'ohP7Pt1tkeQntWgeu0apmNHS_E0Q','','','14.127.250.141',NULL,'深圳','Mozilla/5.0 (Linux; Android 7.1.2; Redmi 4X Build/N2G47H; wv) AppleWebKit/537.36 (KHTML, like Gecko) Version/4.0 Chrome/57.0.2987.132 MQQBrowser/6.2 TBS/044028 Mobile Safari/537.36 MicroMessenger/6.6.6.1300(0x26060634) NetType/WIFI Language/zh_CN','1djhdj',2,1250,4,2,0,NULL,'2018-04-19 19:28:10','2018-04-19 20:23:22'),(7,'ohP7PtzwsmKbaHEBDJ1puTxtsta0','','','183.40.6.118',NULL,'广东','Mozilla/5.0 (Linux; Android 8.0; ONEPLUS A5000 Build/OPR6.170623.013; wv) AppleWebKit/537.36 (KHTML, like Gecko) Version/4.0 Chrome/57.0.2987.132 MQQBrowser/6.2 TBS/043909 Mobile Safari/537.36 MicroMessenger/6.6.5.1280(0x26060536) NetType/4G Language/zh_H','2dadhhhf',4,380,16,16,0,NULL,'2018-04-19 20:35:47','2018-04-21 13:52:30'),(8,'ohP7Pt-uj6rc5xdrh6mMSIyo4Ae0','','','223.74.229.125',NULL,'揭阳','Mozilla/5.0 (Linux; Android 6.0; Redmi Note 4X Build/MRA58K; wv) AppleWebKit/537.36 (KHTML, like Gecko) Version/4.0 Chrome/57.0.2987.132 Mobile Safari/537.36 MicroMessenger/6.6.6.1300(0x26060634) NetType/WIFI Language/zh_CN','2dadhhhf',4,380,2,1,0,NULL,'2018-04-19 21:02:19','2018-04-19 21:02:37'),(9,'ohP7Pty9tiYaDUo_aQ9SUoYgt4kU','','','14.127.251.155',NULL,'深圳','Mozilla/5.0 (iPhone; CPU iPhone OS 11_2_1 like Mac OS X) AppleWebKit/604.4.7 (KHTML, like Gecko) Mobile/15C153 MicroMessenger/6.6.6 NetType/WIFI Language/zh_CN','1dsfsf',4,380,11,40,0,0,'2018-04-19 21:10:36','2018-04-24 21:02:20'),(10,'ohP7Pt6n49yOifeKt7QpfXMSIeMY','','','14.127.251.155',NULL,'深圳','Mozilla/5.0 (iPhone; CPU iPhone OS 10_2_1 like Mac OS X) AppleWebKit/602.4.6 (KHTML, like Gecko) Mobile/14D27 MicroMessenger/6.6.6 NetType/WIFI Language/zh_CN','1dsfsf',4,380,1,1,0,NULL,'2018-04-19 21:16:24','2018-04-19 21:16:26'),(11,'ohP7Pt8-GYm0lbP3hIp4Xms-77IQ','','','117.136.101.77',NULL,'安徽','Mozilla/5.0 (iPhone; CPU iPhone OS 11_2_6 like Mac OS X) AppleWebKit/604.5.6 (KHTML, like Gecko) Mobile/15D100 MicroMessenger/6.6.6 NetType/4G Language/zh_CN','1dsfsf',4,380,3,2,0,NULL,'2018-04-19 21:25:02','2018-04-20 16:00:25'),(12,'ohP7PtxUL_rgNBR5cOWiQ4RF1R4I','','','123.178.53.202',NULL,'内蒙古','Mozilla/5.0 (Linux; Android 7.0; BND-AL10 Build/HONORBND-AL10; wv) AppleWebKit/537.36 (KHTML, like Gecko) Version/4.0 Chrome/57.0.2987.132 MQQBrowser/6.2 TBS/044028 Mobile Safari/537.36 MicroMessenger/6.6.6.1300(0x26060634) NetType/4G Language/zh_CN','2dadhhhf',4,380,3,1,0,NULL,'2018-04-19 21:25:20','2018-04-19 21:26:20'),(13,'ohP7Pt7uDEfTrD3mZ4lSa95-WPMM','','','117.136.0.172',NULL,'北京','Mozilla/5.0 (Linux; Android 8.0; LON-AL00 Build/HUAWEILON-AL00; wv) AppleWebKit/537.36 (KHTML, like Gecko) Version/4.0 Chrome/57.0.2987.132 MQQBrowser/6.2 TBS/043909 Mobile Safari/537.36 MicroMessenger/6.6.5.1280(0x26060536) NetType/4G Language/en','2dadhhhf',4,380,3,1,0,NULL,'2018-04-19 21:25:32','2018-04-19 21:25:35'),(14,'ohP7PtwE74WLiH6AorGsuKyoBkh4','','','112.38.41.78',NULL,'聊城','Mozilla/5.0 (Linux; Android 7.1.1; OPPO R11st Build/NMF26X; wv) AppleWebKit/537.36 (KHTML, like Gecko) Version/4.0 Chrome/57.0.2987.132 MQQBrowser/6.2 TBS/044028 Mobile Safari/537.36 MicroMessenger/6.6.6.1300(0x26060634) NetType/WIFI Language/zh_CN','2dadhhhf',4,380,2,1,0,NULL,'2018-04-19 21:28:29','2018-04-19 21:28:38'),(15,'ohP7Pt65u24-oQuOZSR5ZQtP24Vs','','','39.64.43.64',NULL,'济南','Mozilla/5.0 (iPad; CPU OS 10_3_3 like Mac OS X) AppleWebKit/603.3.8 (KHTML, like Gecko) Mobile/14G60 MicroMessenger/6.6.6 NetType/WIFI Language/zh_CN','2dadhhhf',4,380,2,1,0,NULL,'2018-04-19 21:28:47','2018-04-19 21:29:46');

/*!40101 SET SQL_MODE=@OLD_SQL_MODE */;
/*!40014 SET FOREIGN_KEY_CHECKS=@OLD_FOREIGN_KEY_CHECKS */;
/*!40014 SET UNIQUE_CHECKS=@OLD_UNIQUE_CHECKS */;
/*!40111 SET SQL_NOTES=@OLD_SQL_NOTES */;
